analysis,variant,dataset,seed,AUC,AUPRC,F1,Precision,Recall,Runtime
component,g0_l0_f0,Synthetic,42,0.9200561594202898,0.8430204014787371,0.7880434782608695,0.7880434782608695,0.7880434782608695,9.494583799969405
component,g0_l0_f1,Synthetic,42,0.869304347826087,0.6373580707603546,0.6105072463768116,0.6105072463768116,0.6105072463768116,16.405666500038933
component,g0_l1_f0,Synthetic,42,0.9120952898550724,0.8144461129579738,0.7626811594202898,0.7626811594202898,0.7626811594202898,10.998429600032978
component,g0_l1_f1,Synthetic,42,0.8489405797101449,0.5155518254432526,0.5579710144927537,0.5579710144927537,0.5579710144927537,16.737535500025842
component,g1_l0_f0,Synthetic,42,0.9192409420289854,0.8463351226116177,0.7989130434782609,0.7989130434782609,0.7989130434782609,6.283366599993315
component,g1_l0_f1,Synthetic,42,0.861583695652174,0.5978060808906925,0.5742753623188406,0.5742753623188406,0.5742753623188406,5.444377500039991
component,g1_l1_f0,Synthetic,42,0.8977463768115943,0.7459800264218647,0.6920289855072463,0.6920289855072463,0.6920289855072463,7.352466300013475
component,g1_l1_f1,Synthetic,42,0.8935126811594203,0.6605386944712135,0.7101449275362319,0.7101449275362319,0.7101449275362319,6.900775899994187
component,g0_l0_f0,Synthetic,123,0.9194351449275363,0.8391694607676935,0.7844202898550725,0.7844202898550725,0.7844202898550725,15.243227699946146
component,g0_l0_f1,Synthetic,123,0.8607532608695652,0.6049569145217818,0.5597826086956522,0.5597826086956522,0.5597826086956522,15.504997099982575
component,g0_l1_f0,Synthetic,123,0.9075905797101449,0.8087658396193305,0.7608695652173914,0.7608695652173914,0.7608695652173914,15.425757499993779
component,g0_l1_f1,Synthetic,123,0.8484039855072464,0.5369658459340805,0.5416666666666666,0.5416666666666666,0.5416666666666666,17.737443100020755
component,g1_l0_f0,Synthetic,123,0.9203786231884057,0.8400147656589247,0.7916666666666666,0.7916666666666666,0.7916666666666666,5.991391399991699
component,g1_l0_f1,Synthetic,123,0.8621887681159419,0.6104256924771283,0.5815217391304348,0.5815217391304348,0.5815217391304348,5.457983699976467
component,g1_l1_f0,Synthetic,123,0.9044894927536231,0.7514762801913514,0.6847826086956522,0.6847826086956522,0.6847826086956522,9.43802709999727
component,g1_l1_f1,Synthetic,123,0.9005036231884059,0.6923208651762234,0.6811594202898551,0.6811594202898551,0.6811594202898551,8.825573900016025
component,g0_l0_f0,Synthetic,456,0.9209409420289854,0.835343138053452,0.7789855072463768,0.7789855072463768,0.7789855072463768,18.527995700016618
component,g0_l0_f1,Synthetic,456,0.8561807971014491,0.6164713707383852,0.6068840579710145,0.6068840579710145,0.6068840579710145,16.621005599969067
component,g0_l1_f0,Synthetic,456,0.9055355072463769,0.7922350479184873,0.7355072463768116,0.7355072463768116,0.7355072463768116,17.209010799997486
component,g0_l1_f1,Synthetic,456,0.8486572463768115,0.5600612302678102,0.5434782608695652,0.5434782608695652,0.5434782608695652,23.373448300000746
component,g1_l0_f0,Synthetic,456,0.9222778985507247,0.8408433389636997,0.782608695652174,0.782608695652174,0.782608695652174,4.169880100002047
component,g1_l0_f1,Synthetic,456,0.8549724637681161,0.6088481404382627,0.5905797101449275,0.5905797101449275,0.5905797101449275,4.057910800038371
component,g1_l1_f0,Synthetic,456,0.9076286231884058,0.8041255063005593,0.7463768115942029,0.7463768115942029,0.7463768115942029,5.924422600015532
component,g1_l1_f1,Synthetic,456,0.85049384057971,0.5878899534559607,0.5851449275362319,0.5851449275362319,0.5851449275362319,5.5025581999798305
component,g0_l0_f0,Synthetic,789,0.9180105072463769,0.8431719579217577,0.7880434782608695,0.7880434782608695,0.7880434782608695,16.43481999996584
component,g0_l0_f1,Synthetic,789,0.859378260869565,0.5721876619086845,0.5561594202898551,0.5561594202898551,0.5561594202898551,19.95702039997559
component,g0_l1_f0,Synthetic,789,0.9061228260869565,0.8085778249080255,0.7427536231884058,0.7427536231884058,0.7427536231884058,18.26351890002843
component,g0_l1_f1,Synthetic,789,0.8441891304347827,0.5133331017981754,0.5543478260869565,0.5543478260869565,0.5543478260869565,19.82409969996661
component,g1_l0_f0,Synthetic,789,0.9175315217391307,0.8411971840239277,0.7844202898550725,0.7844202898550725,0.7844202898550725,5.397451500000898
component,g1_l0_f1,Synthetic,789,0.846016304347826,0.5591670606639108,0.5507246376811594,0.5507246376811594,0.5507246376811594,4.456850100017618
component,g1_l1_f0,Synthetic,789,0.9107416666666667,0.8300474435202249,0.7626811594202898,0.7626811594202898,0.7626811594202898,4.360139700002037
component,g1_l1_f1,Synthetic,789,0.8430202898550725,0.5773276534639511,0.5597826086956522,0.5597826086956522,0.5597826086956522,4.86127450002823
component,g0_l0_f0,Synthetic,1024,0.9025949275362318,0.8128421238404481,0.7572463768115942,0.7572463768115942,0.7572463768115942,21.087739500042517
component,g0_l0_f1,Synthetic,1024,0.8462369565217391,0.5673957138252639,0.5507246376811594,0.5507246376811594,0.5507246376811594,21.325745500042103
component,g0_l1_f0,Synthetic,1024,0.8900894927536233,0.7656244333262371,0.6992753623188406,0.6992753623188406,0.6992753623188406,21.2800613999716
component,g0_l1_f1,Synthetic,1024,0.8701880434782608,0.5684279670777143,0.6503623188405797,0.6503623188405797,0.6503623188405797,20.735075099975802
component,g1_l0_f0,Synthetic,1024,0.9040851449275362,0.8257539799227861,0.7735507246376812,0.7735507246376812,0.7735507246376812,3.702832499984652
component,g1_l0_f1,Synthetic,1024,0.841629347826087,0.547582331672022,0.552536231884058,0.552536231884058,0.552536231884058,3.44878240005346
component,g1_l1_f0,Synthetic,1024,0.9006358695652175,0.799443583783114,0.7463768115942029,0.7463768115942029,0.7463768115942029,5.729505700001027
component,g1_l1_f1,Synthetic,1024,0.8352434782608696,0.5455404902461616,0.5416666666666666,0.5416666666666666,0.5416666666666666,5.101505899976473
component,g0_l0_f0,Synthetic,2048,0.9331898550724637,0.846167347212863,0.7753623188405797,0.7753623188405797,0.7753623188405797,15.50232650001999
component,g0_l0_f1,Synthetic,2048,0.8849507246376811,0.6329430463600701,0.5978260869565217,0.5978260869565217,0.5978260869565217,20.224883800023235
component,g0_l1_f0,Synthetic,2048,0.9254974637681159,0.8079720556511453,0.7409420289855072,0.7409420289855072,0.7409420289855072,19.160069199977443
component,g0_l1_f1,Synthetic,2048,0.8588579710144927,0.4906924450661982,0.5398550724637681,0.5398550724637681,0.5398550724637681,20.04226870002458
component,g1_l0_f0,Synthetic,2048,0.9342952898550725,0.8582422697133162,0.7898550724637681,0.7898550724637681,0.7898550724637681,5.7899210000177845
component,g1_l0_f1,Synthetic,2048,0.879079347826087,0.6256006612524939,0.5869565217391305,0.5869565217391305,0.5869565217391305,6.623577999998815
component,g1_l1_f0,Synthetic,2048,0.9156471014492754,0.7651099799811184,0.7047101449275363,0.7047101449275363,0.7047101449275363,5.93779659998836
component,g1_l1_f1,Synthetic,2048,0.9116307971014492,0.7354149765212715,0.7101449275362319,0.7101449275362319,0.7101449275362319,5.833674900000915
component,g0_l0_f0,Synthetic,3072,0.9238594202898551,0.8602816475994695,0.7989130434782609,0.7989130434782609,0.7989130434782609,19.683846600004472
component,g0_l0_f1,Synthetic,3072,0.8715989130434783,0.6071494450673004,0.5869565217391305,0.5869565217391305,0.5869565217391305,17.65316069999244
component,g0_l1_f0,Synthetic,3072,0.9147481884057972,0.8083196895401051,0.7336956521739131,0.7336956521739131,0.7336956521739131,22.353851000021677
component,g0_l1_f1,Synthetic,3072,0.8339630434782609,0.4998544456451048,0.49094202898550726,0.49094202898550726,0.49094202898550726,17.141732699994463
component,g1_l0_f0,Synthetic,3072,0.9271655797101449,0.8605052399701633,0.8061594202898551,0.8061594202898551,0.8061594202898551,4.07960469997488
component,g1_l0_f1,Synthetic,3072,0.8558554347826086,0.566200704671667,0.5561594202898551,0.5561594202898551,0.5561594202898551,3.566217300016433
component,g1_l1_f0,Synthetic,3072,0.9177768115942029,0.8309087323980698,0.769927536231884,0.769927536231884,0.769927536231884,6.153462500020396
component,g1_l1_f1,Synthetic,3072,0.8556811594202899,0.5665792869524776,0.5561594202898551,0.5561594202898551,0.5561594202898551,4.500000200001523
component,g0_l0_f0,Synthetic,4096,0.928275,0.8487614895079965,0.7771739130434783,0.7771739130434783,0.7771739130434783,23.30734030000167
component,g0_l0_f1,Synthetic,4096,0.8723373188405797,0.5726033743334068,0.5380434782608695,0.5380434782608695,0.5380434782608695,23.921563000010792
component,g0_l1_f0,Synthetic,4096,0.9047713768115943,0.8175352719043095,0.7590579710144928,0.7590579710144928,0.7590579710144928,24.65733940002974
component,g0_l1_f1,Synthetic,4096,0.8575427536231884,0.4932653957296468,0.5217391304347826,0.5217391304347826,0.5217391304347826,24.763287400011905
component,g1_l0_f0,Synthetic,4096,0.9279735507246377,0.8501564305698401,0.7862318840579711,0.7862318840579711,0.7862318840579711,4.058500599989202
component,g1_l0_f1,Synthetic,4096,0.8644840579710145,0.5741976817689364,0.5416666666666666,0.5416666666666666,0.5416666666666666,4.06631019996712
component,g1_l1_f0,Synthetic,4096,0.9083605072463768,0.8261957574139964,0.769927536231884,0.769927536231884,0.769927536231884,5.876983499969356
component,g1_l1_f1,Synthetic,4096,0.8621880434782608,0.5813370564590956,0.5561594202898551,0.5561594202898551,0.5561594202898551,4.349871799990069
component,g0_l0_f0,Synthetic,5120,0.9233141304347827,0.8466389943863716,0.7898550724637681,0.7898550724637681,0.7898550724637681,25.011138800007757
component,g0_l0_f1,Synthetic,5120,0.8540583333333334,0.6024220933538017,0.5507246376811594,0.5507246376811594,0.5507246376811594,19.668903700017836
component,g0_l1_f0,Synthetic,5120,0.9194822463768116,0.8207905596200649,0.7663043478260869,0.7663043478260869,0.7663043478260869,19.59525690000737
component,g0_l1_f1,Synthetic,5120,0.8424996376811594,0.535709672501877,0.5416666666666666,0.5416666666666666,0.5416666666666666,21.12333790003322
component,g1_l0_f0,Synthetic,5120,0.9204644927536231,0.8539394353999867,0.7952898550724637,0.7952898550724637,0.7952898550724637,5.214473899977747
component,g1_l0_f1,Synthetic,5120,0.8643206521739131,0.6105495232533611,0.5778985507246377,0.5778985507246377,0.5778985507246377,4.774194199999329
component,g1_l1_f0,Synthetic,5120,0.9102300724637683,0.7693910831276534,0.6956521739130435,0.6956521739130435,0.6956521739130435,6.341703800018877
component,g1_l1_f1,Synthetic,5120,0.910216304347826,0.7845748266759368,0.7318840579710145,0.7318840579710145,0.7318840579710145,5.4680155999958515
component,g0_l0_f0,Synthetic,6144,0.9221047101449275,0.8321846431540704,0.7735507246376812,0.7735507246376812,0.7735507246376812,18.208591600006912
component,g0_l0_f1,Synthetic,6144,0.8901804347826087,0.6700330596066978,0.6322463768115942,0.6322463768115942,0.6322463768115942,15.473098399990704
component,g0_l1_f0,Synthetic,6144,0.9115985507246378,0.8033276573065146,0.7481884057971014,0.7481884057971014,0.7481884057971014,17.48624589998508
component,g0_l1_f1,Synthetic,6144,0.8702467391304347,0.5904944214575256,0.5851449275362319,0.5851449275362319,0.5851449275362319,21.819547199993394
component,g1_l0_f0,Synthetic,6144,0.9248242753623189,0.8386932510196327,0.782608695652174,0.782608695652174,0.782608695652174,4.726403699954972
component,g1_l0_f1,Synthetic,6144,0.8947036231884058,0.6774745199315154,0.6431159420289855,0.6431159420289855,0.6431159420289855,4.9456983000272885
component,g1_l1_f0,Synthetic,6144,0.9144228260869565,0.7887866754891305,0.7336956521739131,0.7336956521739131,0.7336956521739131,6.910234899958596
component,g1_l1_f1,Synthetic,6144,0.8674065217391304,0.5729251377075967,0.5652173913043478,0.5652173913043478,0.5652173913043478,6.736642699979711
component,g0_l0_f0,Grid-Network,42,0.8868173913043478,0.7357744450095304,0.6467391304347826,0.6467391304347826,0.6467391304347826,14.855559000046924
component,g0_l0_f1,Grid-Network,42,0.9183884057971013,0.7717684362473981,0.6938405797101449,0.6938405797101449,0.6938405797101449,19.898714800016023
component,g0_l1_f0,Grid-Network,42,0.8497307971014492,0.6830546769244465,0.6032608695652174,0.6032608695652174,0.6032608695652174,14.677475799981039
component,g0_l1_f1,Grid-Network,42,0.9110677536231885,0.7508653309230059,0.677536231884058,0.677536231884058,0.677536231884058,13.882584300008602
component,g1_l0_f0,Grid-Network,42,0.9268753623188405,0.8137081684923231,0.7192028985507246,0.7192028985507246,0.7192028985507246,5.741780499985907
component,g1_l0_f1,Grid-Network,42,0.9616826086956523,0.8651150625227542,0.7753623188405797,0.7753623188405797,0.7753623188405797,5.606875900004525
component,g1_l1_f0,Grid-Network,42,0.9133996376811593,0.8009309789952086,0.7228260869565217,0.7228260869565217,0.7228260869565217,7.0593416999909095
component,g1_l1_f1,Grid-Network,42,0.9340960144927537,0.786651490696634,0.717391304347826,0.717391304347826,0.717391304347826,5.378485599998385
component,g0_l0_f0,Grid-Network,123,0.8555355072463768,0.6945586351945255,0.6213768115942029,0.6213768115942029,0.6213768115942029,14.675278300011996
component,g0_l0_f1,Grid-Network,123,0.8719557971014493,0.7009345483274236,0.6032608695652174,0.6032608695652174,0.6032608695652174,14.776796900026966
component,g0_l1_f0,Grid-Network,123,0.8551340579710145,0.6965454706612615,0.6413043478260869,0.6413043478260869,0.6413043478260869,13.087217600026634
component,g0_l1_f1,Grid-Network,123,0.8663148550724638,0.6845988971256928,0.6177536231884058,0.6177536231884058,0.6177536231884058,12.675054399995133
component,g1_l0_f0,Grid-Network,123,0.8927282608695651,0.7237472481826712,0.6231884057971014,0.6231884057971014,0.6231884057971014,4.752262199996039
component,g1_l0_f1,Grid-Network,123,0.9135228260869566,0.7563120572785799,0.6865942028985508,0.6865942028985508,0.6865942028985508,6.0829377000336535
component,g1_l1_f0,Grid-Network,123,0.8676521739130434,0.5886876863508619,0.5253623188405797,0.5253623188405797,0.5253623188405797,7.274943399999756
component,g1_l1_f1,Grid-Network,123,0.8860699275362318,0.7012784014559612,0.6521739130434783,0.6521739130434783,0.6521739130434783,4.775745099992491
component,g0_l0_f0,Grid-Network,456,0.871490579710145,0.701381483910133,0.5960144927536232,0.5960144927536232,0.5960144927536232,10.95791850000387
component,g0_l0_f1,Grid-Network,456,0.898009420289855,0.7100601095143583,0.6014492753623188,0.6014492753623188,0.6014492753623188,12.62721279996913
component,g0_l1_f0,Grid-Network,456,0.8623137681159421,0.7034424533850181,0.6557971014492754,0.6557971014492754,0.6557971014492754,10.294323100009933
component,g0_l1_f1,Grid-Network,456,0.9008496376811592,0.7024111839934998,0.592391304347826,0.592391304347826,0.592391304347826,9.597970600007102
component,g1_l0_f0,Grid-Network,456,0.9270105072463768,0.8038182207823853,0.7010869565217391,0.7010869565217391,0.7010869565217391,3.84184860001551
component,g1_l0_f1,Grid-Network,456,0.9376355072463768,0.7904721171703396,0.7119565217391305,0.7119565217391305,0.7119565217391305,3.9199395999894477
component,g1_l1_f0,Grid-Network,456,0.9103141304347826,0.7721215022557124,0.6811594202898551,0.6811594202898551,0.6811594202898551,7.082301200018264
component,g1_l1_f1,Grid-Network,456,0.9271152173913043,0.7650536788733752,0.6920289855072463,0.6920289855072463,0.6920289855072463,4.606723299948499
component,g0_l0_f0,Grid-Network,789,0.885344927536232,0.7503477124734653,0.6811594202898551,0.6811594202898551,0.6811594202898551,11.595226200006437
component,g0_l0_f1,Grid-Network,789,0.927609420289855,0.72337898962699,0.6213768115942029,0.6213768115942029,0.6213768115942029,11.442534799978603
component,g0_l1_f0,Grid-Network,789,0.8764105072463767,0.7206272878652928,0.657608695652174,0.657608695652174,0.657608695652174,14.164395199972205
component,g0_l1_f1,Grid-Network,789,0.9181655797101449,0.7241155291390463,0.6231884057971014,0.6231884057971014,0.6231884057971014,10.196563800040167
component,g1_l0_f0,Grid-Network,789,0.9289996376811595,0.796138239104971,0.7264492753623188,0.7264492753623188,0.7264492753623188,3.7009773000027053
component,g1_l0_f1,Grid-Network,789,0.9525221014492754,0.7847803218401483,0.6612318840579711,0.6612318840579711,0.6612318840579711,3.7642710000509396
component,g1_l1_f0,Grid-Network,789,0.9114188405797101,0.7609953796799416,0.6992753623188406,0.6992753623188406,0.6992753623188406,6.017052099981811
component,g1_l1_f1,Grid-Network,789,0.9366152173913043,0.7376858846731912,0.6376811594202898,0.6376811594202898,0.6376811594202898,6.819382700021379
component,g0_l0_f0,Grid-Network,1024,0.877409420289855,0.6905370491052925,0.5996376811594203,0.5996376811594203,0.5996376811594203,11.155960000003688
component,g0_l0_f1,Grid-Network,1024,0.9031938405797101,0.712764456691675,0.6159420289855072,0.6159420289855072,0.6159420289855072,13.311521900002845
component,g0_l1_f0,Grid-Network,1024,0.8678536231884058,0.6976195309893621,0.6394927536231884,0.6394927536231884,0.6394927536231884,10.799219799984712
component,g0_l1_f1,Grid-Network,1024,0.9036340579710146,0.7088800430985811,0.605072463768116,0.605072463768116,0.605072463768116,11.32543850003276
component,g1_l0_f0,Grid-Network,1024,0.9078764492753623,0.7382739634038282,0.6394927536231884,0.6394927536231884,0.6394927536231884,3.8549648000043817
component,g1_l0_f1,Grid-Network,1024,0.928057608695652,0.7546557036936659,0.6721014492753623,0.6721014492753623,0.6721014492753623,3.866675800003577
component,g1_l1_f0,Grid-Network,1024,0.8845503623188407,0.6742370442941163,0.5851449275362319,0.5851449275362319,0.5851449275362319,5.401980499969795
component,g1_l1_f1,Grid-Network,1024,0.9145909420289855,0.728686154175496,0.644927536231884,0.644927536231884,0.644927536231884,6.318317199999001
component,g0_l0_f0,Grid-Network,2048,0.8619347826086957,0.7120762540380665,0.6358695652173914,0.6358695652173914,0.6358695652173914,10.345101599988993
component,g0_l0_f1,Grid-Network,2048,0.9092307971014493,0.7624444400785553,0.6702898550724637,0.6702898550724637,0.6702898550724637,14.333086200000253
component,g0_l1_f0,Grid-Network,2048,0.8616492753623187,0.7128525237273021,0.6684782608695652,0.6684782608695652,0.6684782608695652,12.99123830004828
component,g0_l1_f1,Grid-Network,2048,0.8973826086956522,0.7218033114945366,0.644927536231884,0.644927536231884,0.644927536231884,11.582061499997508
component,g1_l0_f0,Grid-Network,2048,0.8864068840579709,0.7073565032190199,0.6612318840579711,0.6612318840579711,0.6612318840579711,4.910223599988967
component,g1_l0_f1,Grid-Network,2048,0.9279528985507246,0.7649574430567158,0.6884057971014492,0.6884057971014492,0.6884057971014492,5.702512700052466
component,g1_l1_f0,Grid-Network,2048,0.872584420289855,0.7296604845480601,0.6829710144927537,0.6829710144927537,0.6829710144927537,6.399555800016969
component,g1_l1_f1,Grid-Network,2048,0.9128181159420289,0.728622725354398,0.6684782608695652,0.6684782608695652,0.6684782608695652,9.132644099998288
component,g0_l0_f0,Grid-Network,3072,0.8561286231884058,0.6336525752339828,0.6141304347826086,0.6141304347826086,0.6141304347826086,8.810793399985414
component,g0_l0_f1,Grid-Network,3072,0.8852123188405798,0.7252774429852905,0.6358695652173914,0.6358695652173914,0.6358695652173914,5.554752499971073
component,g0_l1_f0,Grid-Network,3072,0.846533695652174,0.6850783674874102,0.6105072463768116,0.6105072463768116,0.6105072463768116,6.0752385999658145
component,g0_l1_f1,Grid-Network,3072,0.8861804347826087,0.7315096520688711,0.6684782608695652,0.6684782608695652,0.6684782608695652,6.443202599999495
component,g1_l0_f0,Grid-Network,3072,0.8879264492753622,0.7247294628410132,0.625,0.625,0.625,7.673399600025732
component,g1_l0_f1,Grid-Network,3072,0.9181463768115942,0.7736493850339909,0.7028985507246377,0.7028985507246377,0.7028985507246377,7.724143000028562
component,g1_l1_f0,Grid-Network,3072,0.8742163043478262,0.6739571281744084,0.6159420289855072,0.6159420289855072,0.6159420289855072,5.169404099986423
component,g1_l1_f1,Grid-Network,3072,0.9128003623188404,0.7457728090614217,0.6503623188405797,0.6503623188405797,0.6503623188405797,4.852741100010462
component,g0_l0_f0,Grid-Network,4096,0.8671884057971013,0.6911920758398242,0.6195652173913043,0.6195652173913043,0.6195652173913043,5.865800000028685
component,g0_l0_f1,Grid-Network,4096,0.8978989130434782,0.7272866358770189,0.6557971014492754,0.6557971014492754,0.6557971014492754,5.463502200029325
component,g0_l1_f0,Grid-Network,4096,0.8429460144927535,0.6338546589718378,0.5398550724637681,0.5398550724637681,0.5398550724637681,9.821451499999966
component,g0_l1_f1,Grid-Network,4096,0.8952054347826086,0.7217962831903567,0.6702898550724637,0.6702898550724637,0.6702898550724637,5.918874600029085
component,g1_l0_f0,Grid-Network,4096,0.896280072463768,0.7191006092206149,0.625,0.625,0.625,4.1480500000179745
component,g1_l0_f1,Grid-Network,4096,0.9263025362318841,0.7646950567696997,0.6847826086956522,0.6847826086956522,0.6847826086956522,4.09422899998026
component,g1_l1_f0,Grid-Network,4096,0.8782971014492753,0.679543468012881,0.592391304347826,0.592391304347826,0.592391304347826,4.770651999977417
component,g1_l1_f1,Grid-Network,4096,0.9341836956521741,0.777661123687799,0.717391304347826,0.717391304347826,0.717391304347826,5.792703999963123
component,g0_l0_f0,Grid-Network,5120,0.8723518115942029,0.7206821999978724,0.6376811594202898,0.6376811594202898,0.6376811594202898,5.118834200024139
component,g0_l0_f1,Grid-Network,5120,0.8929615942028986,0.7323134061101597,0.6557971014492754,0.6557971014492754,0.6557971014492754,4.699550999968778
component,g0_l1_f0,Grid-Network,5120,0.8648514492753622,0.6982470004383368,0.644927536231884,0.644927536231884,0.644927536231884,5.192925799987279
component,g0_l1_f1,Grid-Network,5120,0.9008869565217392,0.726062660602635,0.6521739130434783,0.6521739130434783,0.6521739130434783,4.754492799984291
component,g1_l0_f0,Grid-Network,5120,0.9394884057971014,0.8580740634141999,0.7862318840579711,0.7862318840579711,0.7862318840579711,4.834348100004718
component,g1_l0_f1,Grid-Network,5120,0.9376202898550724,0.8028667941410799,0.7119565217391305,0.7119565217391305,0.7119565217391305,5.419114499993157
component,g1_l1_f0,Grid-Network,5120,0.9246304347826088,0.810122374577232,0.7282608695652174,0.7282608695652174,0.7282608695652174,8.673550500010606
component,g1_l1_f1,Grid-Network,5120,0.9323518115942028,0.768589324634674,0.6739130434782609,0.6739130434782609,0.6739130434782609,8.624871300009545
component,g0_l0_f0,Grid-Network,6144,0.8461079710144928,0.6493141764473552,0.5815217391304348,0.5815217391304348,0.5815217391304348,4.343987300002482
component,g0_l0_f1,Grid-Network,6144,0.8989355072463767,0.7426431954413281,0.6648550724637681,0.6648550724637681,0.6648550724637681,5.841345600027125
component,g0_l1_f0,Grid-Network,6144,0.8311909420289855,0.6528211317030767,0.6105072463768116,0.6105072463768116,0.6105072463768116,4.571164000022691
component,g0_l1_f1,Grid-Network,6144,0.8885159420289855,0.7061738259599328,0.625,0.625,0.625,5.186706000007689
component,g1_l0_f0,Grid-Network,6144,0.9222409420289855,0.80950127727962,0.730072463768116,0.730072463768116,0.730072463768116,3.3778717999812216
component,g1_l0_f1,Grid-Network,6144,0.9278793478260869,0.8039616054401423,0.730072463768116,0.730072463768116,0.730072463768116,3.4588692000252195
component,g1_l1_f0,Grid-Network,6144,0.9160916666666667,0.7858001437664227,0.7119565217391305,0.7119565217391305,0.7119565217391305,8.905077600036748
component,g1_l1_f1,Grid-Network,6144,0.9279050724637681,0.7823957499299983,0.677536231884058,0.677536231884058,0.677536231884058,4.610454600013327
component,g0_l0_f0,Porto-derived,42,0.9711021739130433,0.8466999984496455,0.7789855072463768,0.7789855072463768,0.7789855072463768,5.464966300001834
component,g0_l0_f1,Porto-derived,42,0.9797525362318842,0.8691822508568963,0.7934782608695652,0.7934782608695652,0.7934782608695652,4.4422567000146955
component,g0_l1_f0,Porto-derived,42,0.9806586956521739,0.8868404528875996,0.8278985507246377,0.8278985507246377,0.8278985507246377,5.290917999984231
component,g0_l1_f1,Porto-derived,42,0.9853605072463767,0.9097653753906882,0.8496376811594203,0.8496376811594203,0.8496376811594203,4.645438799983822
component,g1_l0_f0,Porto-derived,42,0.9581478260869565,0.8464442275409371,0.7880434782608695,0.7880434782608695,0.7880434782608695,3.899843699997291
component,g1_l0_f1,Porto-derived,42,0.9771663043478261,0.8888530809641234,0.8206521739130435,0.8206521739130435,0.8206521739130435,3.322351799986791
component,g1_l1_f0,Porto-derived,42,0.9635315217391304,0.8685208632658145,0.8007246376811594,0.8007246376811594,0.8007246376811594,4.990993299987167
component,g1_l1_f1,Porto-derived,42,0.9760891304347826,0.8798782588753034,0.8007246376811594,0.8007246376811594,0.8007246376811594,3.5963030999992043
component,g0_l0_f0,Porto-derived,123,0.9687557971014493,0.8292247163320097,0.7409420289855072,0.7409420289855072,0.7409420289855072,4.689891899994109
component,g0_l0_f1,Porto-derived,123,0.9675884057971015,0.8111529055523692,0.7228260869565217,0.7228260869565217,0.7228260869565217,4.487763200013433
component,g0_l1_f0,Porto-derived,123,0.9757119565217391,0.8652150566273453,0.7880434782608695,0.7880434782608695,0.7880434782608695,4.624029200000223
component,g0_l1_f1,Porto-derived,123,0.9760068840579711,0.8375948778030491,0.7644927536231884,0.7644927536231884,0.7644927536231884,4.65272620000178
component,g1_l0_f0,Porto-derived,123,0.9582902173913044,0.8077649617864772,0.7355072463768116,0.7355072463768116,0.7355072463768116,7.964037100027781
component,g1_l0_f1,Porto-derived,123,0.9732242753623188,0.8204626372843726,0.7518115942028986,0.7518115942028986,0.7518115942028986,7.727732200000901
component,g1_l1_f0,Porto-derived,123,0.9656644927536231,0.8324541100301329,0.7644927536231884,0.7644927536231884,0.7644927536231884,5.219166099966969
component,g1_l1_f1,Porto-derived,123,0.9739786231884059,0.8217528613683114,0.7626811594202898,0.7626811594202898,0.7626811594202898,7.640176700020675
component,g0_l0_f0,Porto-derived,456,0.9662398550724638,0.8156979587801377,0.7590579710144928,0.7590579710144928,0.7590579710144928,4.5049659999785945
component,g0_l0_f1,Porto-derived,456,0.9706025362318841,0.8465662648166561,0.7481884057971014,0.7481884057971014,0.7481884057971014,4.901678099995479
component,g0_l1_f0,Porto-derived,456,0.9754873188405796,0.8513588932548546,0.7916666666666666,0.7916666666666666,0.7916666666666666,4.91016780002974
component,g0_l1_f1,Porto-derived,456,0.9730079710144927,0.8725730521027234,0.7862318840579711,0.7862318840579711,0.7862318840579711,5.024468899995554
component,g1_l0_f0,Porto-derived,456,0.9469605072463767,0.7817525297641155,0.7083333333333334,0.7083333333333334,0.7083333333333334,3.1990819000056945
component,g1_l0_f1,Porto-derived,456,0.9642452898550725,0.8235242519415056,0.7355072463768116,0.7355072463768116,0.7355072463768116,3.9019738999777474
component,g1_l1_f0,Porto-derived,456,0.951584420289855,0.8073123829722334,0.7192028985507246,0.7192028985507246,0.7192028985507246,3.9424494999693707
component,g1_l1_f1,Porto-derived,456,0.9688112318840579,0.8509767550187399,0.7644927536231884,0.7644927536231884,0.7644927536231884,4.077923999982886
component,g0_l0_f0,Porto-derived,789,0.950376811594203,0.78137696453356,0.7065217391304348,0.7065217391304348,0.7065217391304348,4.965940799971577
component,g0_l0_f1,Porto-derived,789,0.9569210144927537,0.7580877639313109,0.6884057971014492,0.6884057971014492,0.6884057971014492,4.863714200037066
component,g0_l1_f0,Porto-derived,789,0.9637876811594204,0.7881397069350227,0.7518115942028986,0.7518115942028986,0.7518115942028986,4.9660316000226885
component,g0_l1_f1,Porto-derived,789,0.9709797101449277,0.8352686668790466,0.7427536231884058,0.7427536231884058,0.7427536231884058,5.151347899984103
component,g1_l0_f0,Porto-derived,789,0.956868115942029,0.7945946561587474,0.7228260869565217,0.7228260869565217,0.7228260869565217,3.9103456000448205
component,g1_l0_f1,Porto-derived,789,0.9617913043478261,0.764058890104754,0.7028985507246377,0.7028985507246377,0.7028985507246377,3.9350146999931894
component,g1_l1_f0,Porto-derived,789,0.9578402173913043,0.7965527568222914,0.7264492753623188,0.7264492753623188,0.7264492753623188,5.207125199958682
component,g1_l1_f1,Porto-derived,789,0.9583811594202898,0.7551748006009861,0.6684782608695652,0.6684782608695652,0.6684782608695652,5.260517099988647
component,g0_l0_f0,Porto-derived,1024,0.958663768115942,0.8101907411758738,0.7282608695652174,0.7282608695652174,0.7282608695652174,4.973024900013115
component,g0_l0_f1,Porto-derived,1024,0.9601144927536233,0.8009077255954363,0.730072463768116,0.730072463768116,0.730072463768116,5.017696499999147
component,g0_l1_f0,Porto-derived,1024,0.9658199275362319,0.8188669415878365,0.7481884057971014,0.7481884057971014,0.7481884057971014,5.038962599996012
component,g0_l1_f1,Porto-derived,1024,0.9670753623188406,0.8185244501514858,0.7481884057971014,0.7481884057971014,0.7481884057971014,4.79700729995966
component,g1_l0_f0,Porto-derived,1024,0.9305402173913043,0.7583839197376665,0.6702898550724637,0.6702898550724637,0.6702898550724637,3.8762993999989703
component,g1_l0_f1,Porto-derived,1024,0.9638699275362319,0.7995823058020797,0.7282608695652174,0.7282608695652174,0.7282608695652174,3.579467300034594
component,g1_l1_f0,Porto-derived,1024,0.9457771739130435,0.7727030165743977,0.7155797101449275,0.7155797101449275,0.7155797101449275,4.343014999991283
component,g1_l1_f1,Porto-derived,1024,0.9622463768115942,0.7841514349370184,0.6920289855072463,0.6920289855072463,0.6920289855072463,5.026376000023447
component,g0_l0_f0,GeoLife,42,0.8360120481927711,0.4907071374713885,0.49096385542168675,0.49096385542168675,0.49096385542168675,4.720266999967862
component,g0_l0_f1,GeoLife,42,0.8279226907630522,0.5057171511074366,0.48493975903614456,0.48493975903614456,0.48493975903614456,4.557605199981481
component,g0_l1_f0,GeoLife,42,0.8040512048192772,0.42935893474443976,0.4367469879518072,0.4367469879518072,0.4367469879518072,4.58624360000249
component,g0_l1_f1,GeoLife,42,0.8316817269076305,0.5571549057953367,0.5783132530120482,0.5783132530120482,0.5783132530120482,4.633128499961458
component,g1_l0_f0,GeoLife,42,0.7428995983935742,0.31522291765884514,0.32228915662650603,0.32228915662650603,0.32228915662650603,4.293663899996318
component,g1_l0_f1,GeoLife,42,0.824656626506024,0.4541708843380304,0.46987951807228917,0.46987951807228917,0.46987951807228917,4.253922000003513
component,g1_l1_f0,GeoLife,42,0.7429919678714859,0.303136811512033,0.3102409638554217,0.3102409638554217,0.3102409638554217,3.4501197999925353
component,g1_l1_f1,GeoLife,42,0.812941767068273,0.4880881643881252,0.46686746987951805,0.46686746987951805,0.46686746987951805,3.2199772000312805
component,g0_l0_f0,GeoLife,123,0.8109989959839357,0.47300518873007785,0.46987951807228917,0.46987951807228917,0.46987951807228917,4.567359299981035
component,g0_l0_f1,GeoLife,123,0.8533283132530121,0.5739890870877908,0.5632530120481928,0.5632530120481928,0.5632530120481928,4.432348600006662
component,g0_l1_f0,GeoLife,123,0.7968875502008033,0.45535142074216445,0.46987951807228917,0.46987951807228917,0.46987951807228917,4.5548521999735385
component,g0_l1_f1,GeoLife,123,0.8360090361445784,0.5739047826885094,0.5512048192771084,0.5512048192771084,0.5512048192771084,4.449993500020355
component,g1_l0_f0,GeoLife,123,0.7717520080321285,0.3676477268360128,0.35843373493975905,0.35843373493975905,0.35843373493975905,3.0274077000212856
component,g1_l0_f1,GeoLife,123,0.8366234939759036,0.4815584244721911,0.4608433734939759,0.4608433734939759,0.4608433734939759,3.018979999993462
component,g1_l1_f0,GeoLife,123,0.7914829317269076,0.43557823441342153,0.39759036144578314,0.39759036144578314,0.39759036144578314,3.8300334999803454
component,g1_l1_f1,GeoLife,123,0.8453684738955825,0.5830074221368018,0.5421686746987951,0.5421686746987951,0.5421686746987951,3.529765299987048
component,g0_l0_f0,GeoLife,456,0.7842941767068272,0.3417979517996302,0.3644578313253012,0.3644578313253012,0.3644578313253012,4.483273099991493
component,g0_l0_f1,GeoLife,456,0.8475060240963854,0.5035603984816958,0.5060240963855421,0.5060240963855421,0.5060240963855421,4.572956999996677
component,g0_l1_f0,GeoLife,456,0.7553684738955824,0.30762880884971494,0.3313253012048193,0.3313253012048193,0.3313253012048193,4.607319400005508
component,g0_l1_f1,GeoLife,456,0.8407048192771083,0.4925470165906205,0.5060240963855421,0.5060240963855421,0.5060240963855421,4.484966800024267
component,g1_l0_f0,GeoLife,456,0.7231726907630522,0.27097301626428616,0.27710843373493976,0.27710843373493976,0.27710843373493976,4.6264035000349395
component,g1_l0_f1,GeoLife,456,0.8067500000000001,0.41124283695527836,0.3795180722891566,0.3795180722891566,0.3795180722891566,4.500828000018373
component,g1_l1_f0,GeoLife,456,0.7148353413654618,0.258503212890928,0.25301204819277107,0.25301204819277107,0.25301204819277107,2.9643957000225782
component,g1_l1_f1,GeoLife,456,0.790785140562249,0.38547099306855587,0.3704819277108434,0.3704819277108434,0.3704819277108434,3.6230134000070393
component,g0_l0_f0,GeoLife,789,0.8351947791164658,0.5171958089059085,0.5120481927710844,0.5120481927710844,0.5120481927710844,4.637186900014058
component,g0_l0_f1,GeoLife,789,0.8649056224899598,0.5634854606049811,0.5753012048192772,0.5753012048192772,0.5753012048192772,4.661850999982562
component,g0_l1_f0,GeoLife,789,0.8163393574297189,0.4724943921392766,0.4367469879518072,0.4367469879518072,0.4367469879518072,4.689356199989561
component,g0_l1_f1,GeoLife,789,0.8583855421686747,0.5699880975014318,0.5753012048192772,0.5753012048192772,0.5753012048192772,4.647312699991744
component,g1_l0_f0,GeoLife,789,0.8041767068273091,0.41122374862684413,0.3855421686746988,0.3855421686746988,0.3855421686746988,2.9501057000015862
component,g1_l0_f1,GeoLife,789,0.8444648594377511,0.5321042145301162,0.5602409638554217,0.5602409638554217,0.5602409638554217,3.19194210000569
component,g1_l1_f0,GeoLife,789,0.7844548192771084,0.37885515478958587,0.35843373493975905,0.35843373493975905,0.35843373493975905,3.7366408000234514
component,g1_l1_f1,GeoLife,789,0.8330160642570281,0.5468639446550833,0.5180722891566265,0.5180722891566265,0.5180722891566265,3.8899001000099815
component,g0_l0_f0,GeoLife,1024,0.7858323293172691,0.4033563592429573,0.39457831325301207,0.39457831325301207,0.39457831325301207,4.6578757999814115
component,g0_l0_f1,GeoLife,1024,0.8424538152610442,0.5061014067048426,0.5180722891566265,0.5180722891566265,0.5180722891566265,4.270235799951479
component,g0_l1_f0,GeoLife,1024,0.7567771084337349,0.3766402289055981,0.3885542168674699,0.3885542168674699,0.3885542168674699,4.592273399990518
component,g0_l1_f1,GeoLife,1024,0.811254016064257,0.4909081508410428,0.5030120481927711,0.5030120481927711,0.5030120481927711,4.183988399978261
component,g1_l0_f0,GeoLife,1024,0.7546465863453815,0.33252768922981885,0.34036144578313254,0.34036144578313254,0.34036144578313254,4.242310600006022
component,g1_l0_f1,GeoLife,1024,0.8622831325301203,0.5118011078159015,0.5180722891566265,0.5180722891566265,0.5180722891566265,3.803319400001783
component,g1_l1_f0,GeoLife,1024,0.776476907630522,0.3483260725418012,0.35843373493975905,0.35843373493975905,0.35843373493975905,3.3365160999819636
component,g1_l1_f1,GeoLife,1024,0.8479206827309236,0.5504640942450667,0.5150602409638554,0.5150602409638554,0.5150602409638554,3.778935200010892
view,spatial_path,Synthetic,42,0.7377050724637682,0.36987644686038973,0.35688405797101447,0.35688405797101447,0.35688405797101447,5.0457870999816805
view,kinematic,Synthetic,42,0.7602271739130434,0.39290207709351754,0.4384057971014493,0.4384057971014493,0.4384057971014493,3.9087413999950513
view,trajectory_shape,Synthetic,42,0.9018804347826088,0.8046486828094396,0.7336956521739131,0.7336956521739131,0.7336956521739131,4.935605199978454
view,spatial_path+kinematic,Synthetic,42,0.7851246376811594,0.41966022167410605,0.4692028985507246,0.4692028985507246,0.4692028985507246,5.120891999977175
view,spatial_path+trajectory_shape,Synthetic,42,0.9088717391304348,0.8137167778385124,0.7427536231884058,0.7427536231884058,0.7427536231884058,8.891197899996769
view,kinematic+trajectory_shape,Synthetic,42,0.8432764492753623,0.5002481365602108,0.552536231884058,0.552536231884058,0.552536231884058,7.4468203999858815
view,spatial_path+kinematic+trajectory_shape,Synthetic,42,0.8935126811594203,0.6605386944712135,0.7101449275362319,0.7101449275362319,0.7101449275362319,5.7390899999882095
view,spatial_path,Synthetic,123,0.7221195652173914,0.3169076758314665,0.3442028985507246,0.3442028985507246,0.3442028985507246,4.645100800000364
view,kinematic,Synthetic,123,0.749038768115942,0.400317319204576,0.4311594202898551,0.4311594202898551,0.4311594202898551,3.289044700009981
view,trajectory_shape,Synthetic,123,0.9108007246376811,0.8291113388549755,0.7663043478260869,0.7663043478260869,0.7663043478260869,3.0840970000135712
view,spatial_path+kinematic,Synthetic,123,0.7738789855072463,0.42464592340871715,0.4384057971014493,0.4384057971014493,0.4384057971014493,5.800907099997858
view,spatial_path+trajectory_shape,Synthetic,123,0.9165351449275363,0.8257055319285577,0.7554347826086957,0.7554347826086957,0.7554347826086957,5.22379109999747
view,kinematic+trajectory_shape,Synthetic,123,0.8464905797101449,0.5179142880357688,0.5090579710144928,0.5090579710144928,0.5090579710144928,10.408228499989491
view,spatial_path+kinematic+trajectory_shape,Synthetic,123,0.9005036231884059,0.6923208651762234,0.6811594202898551,0.6811594202898551,0.6811594202898551,5.700116499996511
view,spatial_path,Synthetic,456,0.7298144927536231,0.35130655352455475,0.3677536231884058,0.3677536231884058,0.3677536231884058,3.8723264999862295
view,kinematic,Synthetic,456,0.7711989130434783,0.45786008276225465,0.46195652173913043,0.46195652173913043,0.46195652173913043,3.3119823999877553
view,trajectory_shape,Synthetic,456,0.9166155797101448,0.8328243549483213,0.7608695652173914,0.7608695652173914,0.7608695652173914,6.454596600000514
view,spatial_path+kinematic,Synthetic,456,0.786448188405797,0.47842885445408,0.4782608695652174,0.4782608695652174,0.4782608695652174,5.505989400000544
view,spatial_path+trajectory_shape,Synthetic,456,0.8596804347826088,0.620137102355914,0.5869565217391305,0.5869565217391305,0.5869565217391305,5.149356799985981
view,kinematic+trajectory_shape,Synthetic,456,0.8558971014492753,0.5714891379359576,0.5670289855072463,0.5670289855072463,0.5670289855072463,5.338278899987927
view,spatial_path+kinematic+trajectory_shape,Synthetic,456,0.85049384057971,0.5878899534559607,0.5851449275362319,0.5851449275362319,0.5851449275362319,5.08576109999558
view,spatial_path,Synthetic,789,0.7060097826086956,0.31596631871333136,0.358695652173913,0.358695652173913,0.358695652173913,2.1494213999831118
view,kinematic,Synthetic,789,0.7557634057971014,0.4442974798702188,0.4583333333333333,0.4583333333333333,0.4583333333333333,5.016030900005717
view,trajectory_shape,Synthetic,789,0.9083952898550725,0.8246894698625032,0.7663043478260869,0.7663043478260869,0.7663043478260869,3.1162444000074174
view,spatial_path+kinematic,Synthetic,789,0.7917565217391305,0.48905377114379034,0.49094202898550726,0.49094202898550726,0.49094202898550726,3.044756299990695
view,spatial_path+trajectory_shape,Synthetic,789,0.8250010869565216,0.47352357912361054,0.4583333333333333,0.4583333333333333,0.4583333333333333,5.557372500014026
view,kinematic+trajectory_shape,Synthetic,789,0.8637112318840579,0.6075092059289567,0.5905797101449275,0.5905797101449275,0.5905797101449275,4.094129299977794
view,spatial_path+kinematic+trajectory_shape,Synthetic,789,0.8430202898550725,0.5773276534639511,0.5597826086956522,0.5597826086956522,0.5597826086956522,4.394640899990918
view,spatial_path,Synthetic,1024,0.7155760869565218,0.31746132568667357,0.3278985507246377,0.3278985507246377,0.3278985507246377,2.0533836999966297
view,kinematic,Synthetic,1024,0.7430608695652174,0.4163971600695578,0.447463768115942,0.447463768115942,0.447463768115942,3.0983833000063896
view,trajectory_shape,Synthetic,1024,0.8977731884057971,0.79501575875457,0.7264492753623188,0.7264492753623188,0.7264492753623188,2.7641657999774907
view,spatial_path+kinematic,Synthetic,1024,0.7829717391304347,0.41211939960096666,0.4148550724637681,0.4148550724637681,0.4148550724637681,3.2452514999895357
view,spatial_path+trajectory_shape,Synthetic,1024,0.8232014492753623,0.48672713247650584,0.4692028985507246,0.4692028985507246,0.4692028985507246,4.190121800027555
view,kinematic+trajectory_shape,Synthetic,1024,0.8265865942028986,0.518868590592414,0.5253623188405797,0.5253623188405797,0.5253623188405797,3.662891899992246
view,spatial_path+kinematic+trajectory_shape,Synthetic,1024,0.8352434782608696,0.5455404902461616,0.5416666666666666,0.5416666666666666,0.5416666666666666,3.8423041999922134
view,spatial_path,Synthetic,2048,0.7560213768115942,0.318047129951792,0.3442028985507246,0.3442028985507246,0.3442028985507246,4.273537400003988
view,kinematic,Synthetic,2048,0.76965615942029,0.45049740817072226,0.45108695652173914,0.45108695652173914,0.45108695652173914,3.06378220001352
view,trajectory_shape,Synthetic,2048,0.9122753623188405,0.8256912395146656,0.7590579710144928,0.7590579710144928,0.7590579710144928,2.6950475000194274
view,spatial_path+kinematic,Synthetic,2048,0.7962778985507246,0.4746642997448311,0.47101449275362317,0.47101449275362317,0.47101449275362317,4.799329000001308
view,spatial_path+trajectory_shape,Synthetic,2048,0.9208615942028986,0.8333432258546449,0.769927536231884,0.769927536231884,0.769927536231884,4.588240999990376
view,kinematic+trajectory_shape,Synthetic,2048,0.8622253623188408,0.5627158955884363,0.5416666666666666,0.5416666666666666,0.5416666666666666,3.7996984999917913
view,spatial_path+kinematic+trajectory_shape,Synthetic,2048,0.9116307971014492,0.7354149765212715,0.7101449275362319,0.7101449275362319,0.7101449275362319,8.169047100003809
view,spatial_path,Synthetic,3072,0.7130554347826087,0.32685953135943147,0.35144927536231885,0.35144927536231885,0.35144927536231885,2.0341489000129513
view,kinematic,Synthetic,3072,0.769483695652174,0.4115746508385157,0.44565217391304346,0.44565217391304346,0.44565217391304346,3.1993288000230677
view,trajectory_shape,Synthetic,3072,0.913272463768116,0.8227655573088092,0.7536231884057971,0.7536231884057971,0.7536231884057971,2.7130879999895114
view,spatial_path+kinematic,Synthetic,3072,0.8002289855072464,0.4728242107063204,0.47644927536231885,0.47644927536231885,0.47644927536231885,5.487158200005069
view,spatial_path+trajectory_shape,Synthetic,3072,0.8307518115942029,0.4887504013258471,0.4692028985507246,0.4692028985507246,0.4692028985507246,4.515195999993011
view,kinematic+trajectory_shape,Synthetic,3072,0.8809293478260869,0.5863908168269881,0.5996376811594203,0.5996376811594203,0.5996376811594203,5.360622700012755
view,spatial_path+kinematic+trajectory_shape,Synthetic,3072,0.8556811594202899,0.5665792869524776,0.5561594202898551,0.5561594202898551,0.5561594202898551,4.0070499000139534
view,spatial_path,Synthetic,4096,0.7124731884057972,0.3139994299540842,0.3333333333333333,0.3333333333333333,0.3333333333333333,3.357117900013691
view,kinematic,Synthetic,4096,0.7720228260869565,0.4256091454142296,0.44021739130434784,0.44021739130434784,0.44021739130434784,3.9013533999968786
view,trajectory_shape,Synthetic,4096,0.9048202898550726,0.8226318655767042,0.7626811594202898,0.7626811594202898,0.7626811594202898,3.358198200003244
view,spatial_path+kinematic,Synthetic,4096,0.795111231884058,0.44713789413838817,0.4384057971014493,0.4384057971014493,0.4384057971014493,2.878930799983209
view,spatial_path+trajectory_shape,Synthetic,4096,0.8455938405797101,0.5309310071176603,0.5036231884057971,0.5036231884057971,0.5036231884057971,2.962457399989944
view,kinematic+trajectory_shape,Synthetic,4096,0.8731199275362319,0.5760373644459322,0.5815217391304348,0.5815217391304348,0.5815217391304348,9.901537099998677
view,spatial_path+kinematic+trajectory_shape,Synthetic,4096,0.8621880434782608,0.5813370564590956,0.5561594202898551,0.5561594202898551,0.5561594202898551,9.955991199996788
view,spatial_path,Synthetic,5120,0.722202536231884,0.28661357592401204,0.3170289855072464,0.3170289855072464,0.3170289855072464,3.6930058999860194
view,kinematic,Synthetic,5120,0.7514141304347826,0.4303932217278923,0.4384057971014493,0.4384057971014493,0.4384057971014493,3.201244299998507
view,trajectory_shape,Synthetic,5120,0.912459420289855,0.8344093262758452,0.7753623188405797,0.7753623188405797,0.7753623188405797,2.6834684000059497
view,spatial_path+kinematic,Synthetic,5120,0.7853442028985507,0.4581402211717422,0.447463768115942,0.447463768115942,0.447463768115942,5.272464500012575
view,spatial_path+trajectory_shape,Synthetic,5120,0.9195057971014493,0.8405892473849769,0.7735507246376812,0.7735507246376812,0.7735507246376812,4.292155200004345
view,kinematic+trajectory_shape,Synthetic,5120,0.8649405797101449,0.6034067940836161,0.5960144927536232,0.5960144927536232,0.5960144927536232,3.4785590000101365
view,spatial_path+kinematic+trajectory_shape,Synthetic,5120,0.910216304347826,0.7845748266759368,0.7318840579710145,0.7318840579710145,0.7318840579710145,5.463743100001011
view,spatial_path,Synthetic,6144,0.753975,0.3482501010921975,0.3333333333333333,0.3333333333333333,0.3333333333333333,4.217242600017926
view,kinematic,Synthetic,6144,0.7851492753623189,0.45390094349471716,0.4692028985507246,0.4692028985507246,0.4692028985507246,3.701995400013402
view,trajectory_shape,Synthetic,6144,0.9018271739130435,0.8126401059429681,0.75,0.75,0.75,2.6719342000142206
view,spatial_path+kinematic,Synthetic,6144,0.8049199275362319,0.47644011354010335,0.483695652173913,0.483695652173913,0.483695652173913,6.049724799988326
view,spatial_path+trajectory_shape,Synthetic,6144,0.8785778985507247,0.6261972009660898,0.5797101449275363,0.5797101449275363,0.5797101449275363,5.442011499981163
view,kinematic+trajectory_shape,Synthetic,6144,0.8582144927536232,0.5469632640697804,0.5489130434782609,0.5489130434782609,0.5489130434782609,5.044462999998359
view,spatial_path+kinematic+trajectory_shape,Synthetic,6144,0.8674065217391304,0.5729251377075967,0.5652173913043478,0.5652173913043478,0.5652173913043478,5.5706988999736495
view,spatial_path,Grid-Network,42,0.8799028985507246,0.6783207396402735,0.6123188405797102,0.6123188405797102,0.6123188405797102,3.6445974999805912
view,kinematic,Grid-Network,42,0.9711630434782609,0.8833208817251487,0.7880434782608695,0.7880434782608695,0.7880434782608695,4.09848799998872
view,trajectory_shape,Grid-Network,42,0.8469456521739132,0.5975296343699453,0.48007246376811596,0.48007246376811596,0.48007246376811596,3.7146477999922354
view,spatial_path+kinematic,Grid-Network,42,0.9611586956521739,0.8451452508396832,0.7518115942028986,0.7518115942028986,0.7518115942028986,4.635902300011367
view,spatial_path+trajectory_shape,Grid-Network,42,0.8994869565217393,0.7271055525701844,0.6684782608695652,0.6684782608695652,0.6684782608695652,3.6796383000037167
view,kinematic+trajectory_shape,Grid-Network,42,0.9646188405797103,0.9030612384178017,0.8387681159420289,0.8387681159420289,0.8387681159420289,3.2358298000181094
view,spatial_path+kinematic+trajectory_shape,Grid-Network,42,0.9340960144927537,0.786651490696634,0.717391304347826,0.717391304347826,0.717391304347826,4.427528500003973
view,spatial_path,Grid-Network,123,0.8560721014492754,0.6503683732146729,0.5851449275362319,0.5851449275362319,0.5851449275362319,3.5564586000109557
view,kinematic,Grid-Network,123,0.9696757246376813,0.8702784699565516,0.769927536231884,0.769927536231884,0.769927536231884,5.003379100002348
view,trajectory_shape,Grid-Network,123,0.7720768115942029,0.2712698554947166,0.25181159420289856,0.25181159420289856,0.25181159420289856,2.7384727000026032
view,spatial_path+kinematic,Grid-Network,123,0.9356463768115942,0.7663718403205524,0.677536231884058,0.677536231884058,0.677536231884058,4.492822099971818
view,spatial_path+trajectory_shape,Grid-Network,123,0.8669489130434782,0.6745552248889435,0.6268115942028986,0.6268115942028986,0.6268115942028986,4.120376899983967
view,kinematic+trajectory_shape,Grid-Network,123,0.9067257246376812,0.598966635968839,0.519927536231884,0.519927536231884,0.519927536231884,4.131525000004331
view,spatial_path+kinematic+trajectory_shape,Grid-Network,123,0.8860699275362318,0.7012784014559612,0.6521739130434783,0.6521739130434783,0.6521739130434783,5.270495100005064
view,spatial_path,Grid-Network,456,0.8810398550724639,0.6695193915015013,0.6105072463768116,0.6105072463768116,0.6105072463768116,4.121836999984225
view,kinematic,Grid-Network,456,0.9689967391304347,0.8881513224948689,0.7989130434782609,0.7989130434782609,0.7989130434782609,3.0344387000077404
view,trajectory_shape,Grid-Network,456,0.8708840579710144,0.6257829360442417,0.5144927536231884,0.5144927536231884,0.5144927536231884,2.600853499985533
view,spatial_path+kinematic,Grid-Network,456,0.9584347826086956,0.8335348514065698,0.7373188405797102,0.7373188405797102,0.7373188405797102,4.051152000000002
view,spatial_path+trajectory_shape,Grid-Network,456,0.9011731884057972,0.7225796112139427,0.6666666666666666,0.6666666666666666,0.6666666666666666,3.8533693999925163
view,kinematic+trajectory_shape,Grid-Network,456,0.951997463768116,0.8530712793753135,0.7572463768115942,0.7572463768115942,0.7572463768115942,3.5177527999912854
view,spatial_path+kinematic+trajectory_shape,Grid-Network,456,0.9271152173913043,0.7650536788733752,0.6920289855072463,0.6920289855072463,0.6920289855072463,4.760288899997249
view,spatial_path,Grid-Network,789,0.9037409420289854,0.6747786090877576,0.5869565217391305,0.5869565217391305,0.5869565217391305,4.888070599990897
view,kinematic,Grid-Network,789,0.9807489130434783,0.910689965966771,0.8297101449275363,0.8297101449275363,0.8297101449275363,5.395756999991136
view,trajectory_shape,Grid-Network,789,0.8516673913043478,0.5974142445575804,0.49818840579710144,0.49818840579710144,0.49818840579710144,2.9442252999870107
view,spatial_path+kinematic,Grid-Network,789,0.9668355072463768,0.8282773095103708,0.7028985507246377,0.7028985507246377,0.7028985507246377,5.791306099999929
view,spatial_path+trajectory_shape,Grid-Network,789,0.9122510869565218,0.6972780605651959,0.6231884057971014,0.6231884057971014,0.6231884057971014,4.398885700007668
view,kinematic+trajectory_shape,Grid-Network,789,0.9635739130434782,0.8777700700133279,0.802536231884058,0.802536231884058,0.802536231884058,7.3579474999860395
view,spatial_path+kinematic+trajectory_shape,Grid-Network,789,0.9366152173913043,0.7376858846731912,0.6376811594202898,0.6376811594202898,0.6376811594202898,4.959619899978861
view,spatial_path,Grid-Network,1024,0.8838876811594202,0.6753729671961223,0.6123188405797102,0.6123188405797102,0.6123188405797102,4.654807900020387
view,kinematic,Grid-Network,1024,0.9654159420289856,0.8733296217093699,0.7753623188405797,0.7753623188405797,0.7753623188405797,3.719178999977885
view,trajectory_shape,Grid-Network,1024,0.8081731884057972,0.3672015214729402,0.32608695652173914,0.32608695652173914,0.32608695652173914,3.4841875999991316
view,spatial_path+kinematic,Grid-Network,1024,0.9516416666666667,0.8027698577171049,0.6956521739130435,0.6956521739130435,0.6956521739130435,5.857162500004051
view,spatial_path+trajectory_shape,Grid-Network,1024,0.8942228260869564,0.6969194624677068,0.6268115942028986,0.6268115942028986,0.6268115942028986,6.083791900018696
view,kinematic+trajectory_shape,Grid-Network,1024,0.9307971014492754,0.7510800237233286,0.6286231884057971,0.6286231884057971,0.6286231884057971,3.3866534999979194
view,spatial_path+kinematic+trajectory_shape,Grid-Network,1024,0.9145909420289855,0.728686154175496,0.644927536231884,0.644927536231884,0.644927536231884,7.571327799989376
view,spatial_path,Grid-Network,2048,0.8868992753623189,0.6769572789142109,0.6304347826086957,0.6304347826086957,0.6304347826086957,7.323262000019895
view,kinematic,Grid-Network,2048,0.9672974637681159,0.8673115706873206,0.7663043478260869,0.7663043478260869,0.7663043478260869,4.297137700021267
view,trajectory_shape,Grid-Network,2048,0.7518166666666666,0.41761441685159484,0.36231884057971014,0.36231884057971014,0.36231884057971014,5.230798999982653
view,spatial_path+kinematic,Grid-Network,2048,0.9530692028985508,0.8074292989707267,0.7137681159420289,0.7137681159420289,0.7137681159420289,4.18148930001189
view,spatial_path+trajectory_shape,Grid-Network,2048,0.8896786231884058,0.6894982529411214,0.644927536231884,0.644927536231884,0.644927536231884,7.145892700005788
view,kinematic+trajectory_shape,Grid-Network,2048,0.9404728260869564,0.8418101570173664,0.7644927536231884,0.7644927536231884,0.7644927536231884,3.474348199990345
view,spatial_path+kinematic+trajectory_shape,Grid-Network,2048,0.9128181159420289,0.728622725354398,0.6684782608695652,0.6684782608695652,0.6684782608695652,4.595085000008112
view,spatial_path,Grid-Network,3072,0.8745945652173914,0.6876505386963221,0.6141304347826086,0.6141304347826086,0.6141304347826086,7.2080604000075255
view,kinematic,Grid-Network,3072,0.9746090579710145,0.9049982955329106,0.8206521739130435,0.8206521739130435,0.8206521739130435,4.956890499975998
view,trajectory_shape,Grid-Network,3072,0.7639394927536233,0.33382295062129885,0.3532608695652174,0.3532608695652174,0.3532608695652174,3.4820915999880526
view,spatial_path+kinematic,Grid-Network,3072,0.9565014492753623,0.8348964006335091,0.7463768115942029,0.7463768115942029,0.7463768115942029,6.951357800018741
view,spatial_path+trajectory_shape,Grid-Network,3072,0.8832315217391303,0.7053545729680835,0.6195652173913043,0.6195652173913043,0.6195652173913043,3.5657011999865063
view,kinematic+trajectory_shape,Grid-Network,3072,0.9468728260869566,0.8258862491420058,0.7028985507246377,0.7028985507246377,0.7028985507246377,5.3717697999964
view,spatial_path+kinematic+trajectory_shape,Grid-Network,3072,0.9128003623188404,0.7457728090614217,0.6503623188405797,0.6503623188405797,0.6503623188405797,4.386834600009024
view,spatial_path,Grid-Network,4096,0.904961231884058,0.7215595427814361,0.6557971014492754,0.6557971014492754,0.6557971014492754,3.2156321000074968
view,kinematic,Grid-Network,4096,0.9808978260869565,0.920286671319028,0.8387681159420289,0.8387681159420289,0.8387681159420289,3.0663461000076495
view,trajectory_shape,Grid-Network,4096,0.7403050724637681,0.32468665445724815,0.266304347826087,0.266304347826087,0.266304347826087,2.988254500000039
view,spatial_path+kinematic,Grid-Network,4096,0.969691304347826,0.8577198537164975,0.7717391304347826,0.7717391304347826,0.7717391304347826,6.4494713000021875
view,spatial_path+trajectory_shape,Grid-Network,4096,0.9094735507246376,0.7359912010277063,0.6847826086956522,0.6847826086956522,0.6847826086956522,6.368669599993154
view,kinematic+trajectory_shape,Grid-Network,4096,0.950411956521739,0.8394721997040059,0.7590579710144928,0.7590579710144928,0.7590579710144928,7.208612500020536
view,spatial_path+kinematic+trajectory_shape,Grid-Network,4096,0.9341836956521741,0.777661123687799,0.717391304347826,0.717391304347826,0.717391304347826,4.8824049999821
view,spatial_path,Grid-Network,5120,0.8908282608695652,0.6839214077203578,0.6195652173913043,0.6195652173913043,0.6195652173913043,5.281053000013344
view,kinematic,Grid-Network,5120,0.9773688405797102,0.9013152068304003,0.8134057971014492,0.8134057971014492,0.8134057971014492,3.7420129000092857
view,trajectory_shape,Grid-Network,5120,0.8618188405797103,0.6545885333340966,0.5181159420289855,0.5181159420289855,0.5181159420289855,2.9770352000196
view,spatial_path+kinematic,Grid-Network,5120,0.9555213768115942,0.815501224875578,0.717391304347826,0.717391304347826,0.717391304347826,5.759140499983914
view,spatial_path+trajectory_shape,Grid-Network,5120,0.9099282608695651,0.7289750507411126,0.6557971014492754,0.6557971014492754,0.6557971014492754,5.481823100009933
view,kinematic+trajectory_shape,Grid-Network,5120,0.9654739130434784,0.8926451368888585,0.8152173913043478,0.8152173913043478,0.8152173913043478,3.507981300004758
view,spatial_path+kinematic+trajectory_shape,Grid-Network,5120,0.9323518115942028,0.768589324634674,0.6739130434782609,0.6739130434782609,0.6739130434782609,4.864186200022232
view,spatial_path,Grid-Network,6144,0.8917492753623188,0.6853360481130423,0.5706521739130435,0.5706521739130435,0.5706521739130435,6.00278859998798
view,kinematic,Grid-Network,6144,0.9345815217391303,0.7864061923416257,0.7083333333333334,0.7083333333333334,0.7083333333333334,2.824944600026356
view,trajectory_shape,Grid-Network,6144,0.8644054347826088,0.5871729304680221,0.47282608695652173,0.47282608695652173,0.47282608695652173,2.6579230000206735
view,spatial_path+kinematic,Grid-Network,6144,0.9362376811594203,0.8063167055841289,0.7155797101449275,0.7155797101449275,0.7155797101449275,3.993523799988907
view,spatial_path+trajectory_shape,Grid-Network,6144,0.9082753623188405,0.7366031421827417,0.6340579710144928,0.6340579710144928,0.6340579710144928,5.1717376000015065
view,kinematic+trajectory_shape,Grid-Network,6144,0.9421514492753624,0.8373735565883071,0.7644927536231884,0.7644927536231884,0.7644927536231884,3.394090599991614
view,spatial_path+kinematic+trajectory_shape,Grid-Network,6144,0.9279050724637681,0.7823957499299983,0.677536231884058,0.677536231884058,0.677536231884058,4.4772447000141256
view,spatial_path,Porto-derived,42,0.8927221014492754,0.6412920717288249,0.6938405797101449,0.6938405797101449,0.6938405797101449,3.0744984000048134
view,kinematic,Porto-derived,42,0.9813050724637682,0.8874583169239727,0.822463768115942,0.822463768115942,0.822463768115942,4.855669299984584
view,trajectory_shape,Porto-derived,42,0.9040358695652174,0.7606091408248378,0.6902173913043478,0.6902173913043478,0.6902173913043478,4.0480714999721386
view,spatial_path+kinematic,Porto-derived,42,0.9738094202898551,0.8625049171345112,0.7898550724637681,0.7898550724637681,0.7898550724637681,3.48041839999496
view,spatial_path+trajectory_shape,Porto-derived,42,0.9340311594202897,0.7927765694403157,0.7681159420289855,0.7681159420289855,0.7681159420289855,3.7255778000107966
view,kinematic+trajectory_shape,Porto-derived,42,0.9853083333333332,0.9188544294990819,0.875,0.875,0.875,3.729638299992075
view,spatial_path+kinematic+trajectory_shape,Porto-derived,42,0.9760891304347826,0.8798782588753034,0.8007246376811594,0.8007246376811594,0.8007246376811594,3.6180671000038274
view,spatial_path,Porto-derived,123,0.9617032608695653,0.7078578484220168,0.717391304347826,0.717391304347826,0.717391304347826,3.2393911000108346
view,kinematic,Porto-derived,123,0.9722268115942029,0.874584890006957,0.8242753623188406,0.8242753623188406,0.8242753623188406,3.2142469999962486
view,trajectory_shape,Porto-derived,123,0.8498884057971015,0.6331236882028695,0.5543478260869565,0.5543478260869565,0.5543478260869565,3.3268615000124555
view,spatial_path+kinematic,Porto-derived,123,0.9753699275362319,0.848869838584697,0.7626811594202898,0.7626811594202898,0.7626811594202898,7.615690900012851
view,spatial_path+trajectory_shape,Porto-derived,123,0.9658286231884057,0.7379297120418703,0.7427536231884058,0.7427536231884058,0.7427536231884058,5.246342600003118
view,kinematic+trajectory_shape,Porto-derived,123,0.9797782608695653,0.8960303972781887,0.8478260869565217,0.8478260869565217,0.8478260869565217,6.849916800012579
view,spatial_path+kinematic+trajectory_shape,Porto-derived,123,0.9739786231884059,0.8217528613683114,0.7626811594202898,0.7626811594202898,0.7626811594202898,5.654811599990353
view,spatial_path,Porto-derived,456,0.871133695652174,0.5932646007096282,0.5760869565217391,0.5760869565217391,0.5760869565217391,2.3193498000036925
view,kinematic,Porto-derived,456,0.9658681159420289,0.8369992927444568,0.7481884057971014,0.7481884057971014,0.7481884057971014,6.539489799994044
view,trajectory_shape,Porto-derived,456,0.856159420289855,0.6409503916330808,0.5543478260869565,0.5543478260869565,0.5543478260869565,2.9819822999997996
view,spatial_path+kinematic,Porto-derived,456,0.9503307971014492,0.7997870288362326,0.7119565217391305,0.7119565217391305,0.7119565217391305,3.2662128999945708
view,spatial_path+trajectory_shape,Porto-derived,456,0.9335634057971015,0.7560162460006981,0.6630434782608695,0.6630434782608695,0.6630434782608695,2.70708089999971
view,kinematic+trajectory_shape,Porto-derived,456,0.9721105072463769,0.8658851489474786,0.7916666666666666,0.7916666666666666,0.7916666666666666,3.5293808999995235
view,spatial_path+kinematic+trajectory_shape,Porto-derived,456,0.9688112318840579,0.8509767550187399,0.7644927536231884,0.7644927536231884,0.7644927536231884,4.163350199989509
view,spatial_path,Porto-derived,789,0.9384753623188407,0.6066458629435174,0.5942028985507246,0.5942028985507246,0.5942028985507246,4.688656500016805
view,kinematic,Porto-derived,789,0.9355507246376812,0.8368844973397835,0.7771739130434783,0.7771739130434783,0.7771739130434783,4.177650899975561
view,trajectory_shape,Porto-derived,789,0.8822481884057969,0.6699983933750705,0.6141304347826086,0.6141304347826086,0.6141304347826086,4.156364100024803
view,spatial_path+kinematic,Porto-derived,789,0.9542028985507247,0.7967120608564764,0.7010869565217391,0.7010869565217391,0.7010869565217391,4.010561900009634
view,spatial_path+trajectory_shape,Porto-derived,789,0.9506163043478261,0.6663458835028678,0.6286231884057971,0.6286231884057971,0.6286231884057971,5.401004199986346
view,kinematic+trajectory_shape,Porto-derived,789,0.9552826086956522,0.8537960629259954,0.7753623188405797,0.7753623188405797,0.7753623188405797,4.6016316000022925
view,spatial_path+kinematic+trajectory_shape,Porto-derived,789,0.9583811594202898,0.7551748006009861,0.6684782608695652,0.6684782608695652,0.6684782608695652,6.906369800009998
view,spatial_path,Porto-derived,1024,0.9425007246376812,0.6614790795568708,0.6557971014492754,0.6557971014492754,0.6557971014492754,2.950503400003072
view,kinematic,Porto-derived,1024,0.9689590579710146,0.8605789472917384,0.7880434782608695,0.7880434782608695,0.7880434782608695,3.7895010999927763
view,trajectory_shape,Porto-derived,1024,0.7776956521739131,0.4747593333336499,0.4329710144927536,0.4329710144927536,0.4329710144927536,2.2250273000099696
view,spatial_path+kinematic,Porto-derived,1024,0.9710213768115942,0.8351736967206451,0.7445652173913043,0.7445652173913043,0.7445652173913043,4.6588162999833
view,spatial_path+trajectory_shape,Porto-derived,1024,0.9461014492753623,0.6794890003179674,0.657608695652174,0.657608695652174,0.657608695652174,3.369818100007251
view,kinematic+trajectory_shape,Porto-derived,1024,0.9679384057971014,0.8698149986124267,0.8260869565217391,0.8260869565217391,0.8260869565217391,3.631543200026499
view,spatial_path+kinematic+trajectory_shape,Porto-derived,1024,0.9622463768115942,0.7841514349370184,0.6920289855072463,0.6920289855072463,0.6920289855072463,5.807801999995718
view,spatial_path,GeoLife,42,0.7478875502008031,0.25522064948623746,0.22590361445783133,0.22590361445783133,0.22590361445783133,3.8359441999928094
view,kinematic,GeoLife,42,0.7846445783132531,0.5826040254066823,0.536144578313253,0.536144578313253,0.536144578313253,1.7707068000163417
view,trajectory_shape,GeoLife,42,0.6201275100401606,0.2229632886363567,0.2469879518072289,0.2469879518072289,0.2469879518072289,1.948220099991886
view,spatial_path+kinematic,GeoLife,42,0.794953815261044,0.5648168284618246,0.5180722891566265,0.5180722891566265,0.5180722891566265,2.5776562999817543
view,spatial_path+trajectory_shape,GeoLife,42,0.7334487951807229,0.253336942422658,0.25,0.25,0.25,2.5263918999989983
view,kinematic+trajectory_shape,GeoLife,42,0.7712128514056225,0.5533507254737958,0.5180722891566265,0.5180722891566265,0.5180722891566265,2.2955802000069525
view,spatial_path+kinematic+trajectory_shape,GeoLife,42,0.812941767068273,0.4880881643881252,0.46686746987951805,0.46686746987951805,0.46686746987951805,2.830988600006094
view,spatial_path,GeoLife,123,0.7710953815261045,0.3010714269765851,0.32228915662650603,0.32228915662650603,0.32228915662650603,3.920738999993773
view,kinematic,GeoLife,123,0.8822771084337351,0.6633353263596787,0.5903614457831325,0.5903614457831325,0.5903614457831325,2.6569654000049923
view,trajectory_shape,GeoLife,123,0.6365381526104418,0.25413167781907464,0.25903614457831325,0.25903614457831325,0.25903614457831325,1.8762859999842476
view,spatial_path+kinematic,GeoLife,123,0.8730773092369478,0.6331674432459913,0.5783132530120482,0.5783132530120482,0.5783132530120482,2.8715353999868967
view,spatial_path+trajectory_shape,GeoLife,123,0.7471947791164659,0.29552836900884427,0.29518072289156627,0.29518072289156627,0.29518072289156627,2.5423574000014924
view,kinematic+trajectory_shape,GeoLife,123,0.8378142570281124,0.6107889848497596,0.5572289156626506,0.5572289156626506,0.5572289156626506,2.13037759999861
view,spatial_path+kinematic+trajectory_shape,GeoLife,123,0.8453684738955825,0.5830074221368018,0.5421686746987951,0.5421686746987951,0.5421686746987951,3.3521363000036217
view,spatial_path,GeoLife,456,0.6668473895582331,0.1878383928205723,0.20180722891566266,0.20180722891566266,0.20180722891566266,3.312708199984627
view,kinematic,GeoLife,456,0.8841626506024096,0.6190113541881387,0.5963855421686747,0.5963855421686747,0.5963855421686747,4.64827669999795
view,trajectory_shape,GeoLife,456,0.6244638554216868,0.19941594246141076,0.19879518072289157,0.19879518072289157,0.19879518072289157,2.1218148000189103
view,spatial_path+kinematic,GeoLife,456,0.8602690763052209,0.5587205423184575,0.5512048192771084,0.5512048192771084,0.5512048192771084,2.1579306999919936
view,spatial_path+trajectory_shape,GeoLife,456,0.691687751004016,0.19751796283140297,0.18072289156626506,0.18072289156626506,0.18072289156626506,1.7787550000066403
view,kinematic+trajectory_shape,GeoLife,456,0.8319598393574298,0.5510481161910027,0.5391566265060241,0.5391566265060241,0.5391566265060241,2.1081960999872535
view,spatial_path+kinematic+trajectory_shape,GeoLife,456,0.790785140562249,0.38547099306855587,0.3704819277108434,0.3704819277108434,0.3704819277108434,2.303717400005553
view,spatial_path,GeoLife,789,0.7947720883534137,0.3313791005239784,0.37349397590361444,0.37349397590361444,0.37349397590361444,2.922090099978959
view,kinematic,GeoLife,789,0.7883724899598393,0.6178987168127107,0.5692771084337349,0.5692771084337349,0.5692771084337349,2.092582399985986
view,trajectory_shape,GeoLife,789,0.6620732931726908,0.23170020654794743,0.25301204819277107,0.25301204819277107,0.25301204819277107,2.4559713000198826
view,spatial_path+kinematic,GeoLife,789,0.8065150602409638,0.6165054781326438,0.5783132530120482,0.5783132530120482,0.5783132530120482,4.3665700999845285
view,spatial_path+trajectory_shape,GeoLife,789,0.7845903614457832,0.32250764473337207,0.3704819277108434,0.3704819277108434,0.3704819277108434,2.6498466999910306
view,kinematic+trajectory_shape,GeoLife,789,0.7845903614457832,0.5957314610188889,0.5451807228915663,0.5451807228915663,0.5451807228915663,2.1352622999984305
view,spatial_path+kinematic+trajectory_shape,GeoLife,789,0.8330160642570281,0.5468639446550833,0.5180722891566265,0.5180722891566265,0.5180722891566265,2.7569616999826394
view,spatial_path,GeoLife,1024,0.8056887550200804,0.2999469697788462,0.3313253012048193,0.3313253012048193,0.3313253012048193,2.095452200010186
view,kinematic,GeoLife,1024,0.86375,0.6055387609403379,0.5542168674698795,0.5542168674698795,0.5542168674698795,2.9443750999926124
view,trajectory_shape,GeoLife,1024,0.5968273092369478,0.18490885833871196,0.1716867469879518,0.1716867469879518,0.1716867469879518,2.9313255999877583
view,spatial_path+kinematic,GeoLife,1024,0.8700220883534137,0.5995160602466812,0.5451807228915663,0.5451807228915663,0.5451807228915663,3.7077506000059657
view,spatial_path+trajectory_shape,GeoLife,1024,0.7753072289156626,0.2792529831066393,0.29518072289156627,0.29518072289156627,0.29518072289156627,2.5558619999792427
view,kinematic+trajectory_shape,GeoLife,1024,0.8286656626506024,0.5708839746100566,0.5391566265060241,0.5391566265060241,0.5391566265060241,1.92900939998799
view,spatial_path+kinematic+trajectory_shape,GeoLife,1024,0.8479206827309236,0.5504640942450667,0.5150602409638554,0.5150602409638554,0.5150602409638554,3.3695919000019785
sensitivity,min4,Synthetic,42,0.8839822463768117,0.6663870077463677,0.6793478260869565,0.6793478260869565,0.6793478260869565,5.231627400004072
sensitivity,min8,Synthetic,42,0.8935126811594203,0.6605386944712135,0.7101449275362319,0.7101449275362319,0.7101449275362319,4.220541799993953
sensitivity,min16,Synthetic,42,0.8992213768115943,0.6912767545388107,0.7445652173913043,0.7445652173913043,0.7445652173913043,5.665203000011388
sensitivity,min32,Synthetic,42,0.8496,0.5052299258689824,0.5543478260869565,0.5543478260869565,0.5543478260869565,4.4916228000074625
sensitivity,min4,Synthetic,123,0.9032260869565218,0.7321483128577424,0.7047101449275363,0.7047101449275363,0.7047101449275363,7.083490899996832
sensitivity,min8,Synthetic,123,0.9005036231884059,0.6923208651762234,0.6811594202898551,0.6811594202898551,0.6811594202898551,5.786094000010053
sensitivity,min16,Synthetic,123,0.9016550724637682,0.6908686195286503,0.6865942028985508,0.6865942028985508,0.6865942028985508,3.1296047999931034
sensitivity,min32,Synthetic,123,0.8528974637681159,0.5304252725221842,0.552536231884058,0.552536231884058,0.552536231884058,2.8779918999935035
sensitivity,min4,Synthetic,456,0.807713768115942,0.37441962750131325,0.322463768115942,0.322463768115942,0.322463768115942,4.311862000002293
sensitivity,min8,Synthetic,456,0.85049384057971,0.5878899534559607,0.5851449275362319,0.5851449275362319,0.5851449275362319,3.3912767999863718
sensitivity,min16,Synthetic,456,0.8955728260869567,0.7152597308419524,0.6847826086956522,0.6847826086956522,0.6847826086956522,4.17436189998989
sensitivity,min32,Synthetic,456,0.8533177536231883,0.5858618603917803,0.5778985507246377,0.5778985507246377,0.5778985507246377,5.772673700004816
sensitivity,min4,Synthetic,789,0.8892989130434783,0.73790949296707,0.7028985507246377,0.7028985507246377,0.7028985507246377,8.173584600008326
sensitivity,min8,Synthetic,789,0.8430202898550725,0.5773276534639511,0.5597826086956522,0.5597826086956522,0.5597826086956522,3.5705407000205014
sensitivity,min16,Synthetic,789,0.8514442028985507,0.6259607352121441,0.5905797101449275,0.5905797101449275,0.5905797101449275,2.2964082999969833
sensitivity,min32,Synthetic,789,0.8476655797101449,0.5994953388592178,0.5851449275362319,0.5851449275362319,0.5851449275362319,1.9506801000097767
sensitivity,min4,Synthetic,1024,0.8146166666666668,0.490239493540986,0.49818840579710144,0.49818840579710144,0.49818840579710144,2.995509700005641
sensitivity,min8,Synthetic,1024,0.8352434782608696,0.5455404902461616,0.5416666666666666,0.5416666666666666,0.5416666666666666,2.487136699986877
sensitivity,min16,Synthetic,1024,0.8415605072463769,0.5619291843533518,0.5489130434782609,0.5489130434782609,0.5489130434782609,4.173574300017208
sensitivity,min32,Synthetic,1024,0.8428489130434784,0.5426510221055402,0.5398550724637681,0.5398550724637681,0.5398550724637681,2.825088300014613
sensitivity,min4,Synthetic,2048,0.8572083333333333,0.5523810256931766,0.5344202898550725,0.5344202898550725,0.5344202898550725,6.4665174999972805
sensitivity,min8,Synthetic,2048,0.9116307971014492,0.7354149765212715,0.7101449275362319,0.7101449275362319,0.7101449275362319,5.437032200017711
sensitivity,min16,Synthetic,2048,0.9205137681159421,0.783624765363903,0.7572463768115942,0.7572463768115942,0.7572463768115942,2.999171799980104
sensitivity,min32,Synthetic,2048,0.9101858695652174,0.6747130368621318,0.7373188405797102,0.7373188405797102,0.7373188405797102,2.4112356000114232
sensitivity,min4,Synthetic,3072,0.8675949275362319,0.6277618436738767,0.6014492753623188,0.6014492753623188,0.6014492753623188,4.254846299998462
sensitivity,min8,Synthetic,3072,0.8556811594202899,0.5665792869524776,0.5561594202898551,0.5561594202898551,0.5561594202898551,2.4992594000068493
sensitivity,min16,Synthetic,3072,0.8480865942028986,0.5224514024764539,0.5398550724637681,0.5398550724637681,0.5398550724637681,3.6904602000140585
sensitivity,min32,Synthetic,3072,0.8576695652173911,0.577040404734909,0.5833333333333334,0.5833333333333334,0.5833333333333334,4.6444421999913175
sensitivity,min4,Synthetic,4096,0.8617047101449276,0.6002892447512621,0.5597826086956522,0.5597826086956522,0.5597826086956522,4.6829291000030935
sensitivity,min8,Synthetic,4096,0.8621880434782608,0.5813370564590956,0.5561594202898551,0.5561594202898551,0.5561594202898551,4.124494899995625
sensitivity,min16,Synthetic,4096,0.8622771739130435,0.553184158889252,0.552536231884058,0.552536231884058,0.552536231884058,2.230997100006789
sensitivity,min32,Synthetic,4096,0.8598347826086957,0.5408704749082648,0.5489130434782609,0.5489130434782609,0.5489130434782609,1.9584738000121433
sensitivity,min4,Synthetic,5120,0.903719927536232,0.7524752787690325,0.7246376811594203,0.7246376811594203,0.7246376811594203,4.183494199998677
sensitivity,min8,Synthetic,5120,0.910216304347826,0.7845748266759368,0.7318840579710145,0.7318840579710145,0.7318840579710145,3.513919299992267
sensitivity,min16,Synthetic,5120,0.8391438405797101,0.5716718218102657,0.5652173913043478,0.5652173913043478,0.5652173913043478,3.967677900014678
sensitivity,min32,Synthetic,5120,0.8378405797101449,0.571357918473039,0.5634057971014492,0.5634057971014492,0.5634057971014492,2.9058059999952093
sensitivity,min4,Synthetic,6144,0.8808394927536233,0.6406625022816259,0.6177536231884058,0.6177536231884058,0.6177536231884058,6.8763218999956734
sensitivity,min8,Synthetic,6144,0.8674065217391304,0.5729251377075967,0.5652173913043478,0.5652173913043478,0.5652173913043478,5.881245600001421
sensitivity,min16,Synthetic,6144,0.8863278985507247,0.606666467130125,0.6014492753623188,0.6014492753623188,0.6014492753623188,3.0606809000018984
sensitivity,min32,Synthetic,6144,0.896395652173913,0.6609483643903634,0.6920289855072463,0.6920289855072463,0.6920289855072463,2.44302449998213
sensitivity,min4,Grid-Network,42,0.9466221014492753,0.8148224797219006,0.7409420289855072,0.7409420289855072,0.7409420289855072,3.3807249999954365
sensitivity,min8,Grid-Network,42,0.9340960144927537,0.786651490696634,0.717391304347826,0.717391304347826,0.717391304347826,2.972366799978772
sensitivity,min16,Grid-Network,42,0.9229467391304348,0.7665911022815093,0.7119565217391305,0.7119565217391305,0.7119565217391305,5.289389899990056
sensitivity,min32,Grid-Network,42,0.9234974637681159,0.7695712484850228,0.7137681159420289,0.7137681159420289,0.7137681159420289,3.802080199995544
sensitivity,min4,Grid-Network,123,0.8934873188405799,0.7098820284789451,0.6666666666666666,0.6666666666666666,0.6666666666666666,5.642243600013899
sensitivity,min8,Grid-Network,123,0.8860699275362318,0.7012784014559612,0.6521739130434783,0.6521739130434783,0.6521739130434783,5.448488399997586
sensitivity,min16,Grid-Network,123,0.8789413043478261,0.696561948352235,0.6322463768115942,0.6322463768115942,0.6322463768115942,2.719513399992138
sensitivity,min32,Grid-Network,123,0.8730108695652172,0.6930155325875655,0.6322463768115942,0.6322463768115942,0.6322463768115942,2.2909254000114743
sensitivity,min4,Grid-Network,456,0.9338195652173912,0.7755604048352853,0.6992753623188406,0.6992753623188406,0.6992753623188406,3.3369774000020698
sensitivity,min8,Grid-Network,456,0.9271152173913043,0.7650536788733752,0.6920289855072463,0.6920289855072463,0.6920289855072463,2.9605084999930114
sensitivity,min16,Grid-Network,456,0.9191789855072463,0.7305771007561774,0.6105072463768116,0.6105072463768116,0.6105072463768116,8.284869299997808
sensitivity,min32,Grid-Network,456,0.9230326086956522,0.7301414981567741,0.6268115942028986,0.6268115942028986,0.6268115942028986,4.266558300005272
sensitivity,min4,Grid-Network,789,0.9480855072463769,0.7710967112857046,0.6702898550724637,0.6702898550724637,0.6702898550724637,5.709527699975297
sensitivity,min8,Grid-Network,789,0.9366152173913043,0.7376858846731912,0.6376811594202898,0.6376811594202898,0.6376811594202898,5.3837662000150885
sensitivity,min16,Grid-Network,789,0.9309913043478261,0.7342463733975666,0.6322463768115942,0.6322463768115942,0.6322463768115942,2.742032299982384
sensitivity,min32,Grid-Network,789,0.9279873188405797,0.7400148432323843,0.6521739130434783,0.6521739130434783,0.6521739130434783,2.2484345999837387
sensitivity,min4,Grid-Network,1024,0.9147829710144928,0.726187246218267,0.644927536231884,0.644927536231884,0.644927536231884,3.3408647000032943
sensitivity,min8,Grid-Network,1024,0.9145909420289855,0.728686154175496,0.644927536231884,0.644927536231884,0.644927536231884,3.3091185000084806
sensitivity,min16,Grid-Network,1024,0.9106510869565217,0.7190862857203597,0.6376811594202898,0.6376811594202898,0.6376811594202898,4.746100300020771
sensitivity,min32,Grid-Network,1024,0.9046858695652173,0.7161644076718606,0.6141304347826086,0.6141304347826086,0.6141304347826086,8.06363649998093
sensitivity,min4,Grid-Network,2048,0.9301949275362318,0.7539448528629662,0.6884057971014492,0.6884057971014492,0.6884057971014492,5.60892060000333
sensitivity,min8,Grid-Network,2048,0.9128181159420289,0.728622725354398,0.6684782608695652,0.6684782608695652,0.6684782608695652,4.462639100005617
sensitivity,min16,Grid-Network,2048,0.9031597826086957,0.7081252323571805,0.6431159420289855,0.6431159420289855,0.6431159420289855,2.672484100010479
sensitivity,min32,Grid-Network,2048,0.9032981884057971,0.7102319635893665,0.644927536231884,0.644927536231884,0.644927536231884,2.249541599972872
sensitivity,min4,Grid-Network,3072,0.9267710144927538,0.7803007806835434,0.7101449275362319,0.7101449275362319,0.7101449275362319,3.286668799992185
sensitivity,min8,Grid-Network,3072,0.9128003623188404,0.7457728090614217,0.6503623188405797,0.6503623188405797,0.6503623188405797,3.017530299985083
sensitivity,min16,Grid-Network,3072,0.9027409420289854,0.7264004539406741,0.6340579710144928,0.6340579710144928,0.6340579710144928,4.479183899995405
sensitivity,min32,Grid-Network,3072,0.8977920289855074,0.7216225016929004,0.6485507246376812,0.6485507246376812,0.6485507246376812,5.282802900008392
sensitivity,min4,Grid-Network,4096,0.9361014492753623,0.7785122921448646,0.717391304347826,0.717391304347826,0.717391304347826,8.46197650002432
sensitivity,min8,Grid-Network,4096,0.9341836956521741,0.777661123687799,0.717391304347826,0.717391304347826,0.717391304347826,7.610348099988187
sensitivity,min16,Grid-Network,4096,0.9332057971014491,0.7776600543254272,0.7010869565217391,0.7010869565217391,0.7010869565217391,3.1001195999851916
sensitivity,min32,Grid-Network,4096,0.9150989130434781,0.747177757289771,0.6865942028985508,0.6865942028985508,0.6865942028985508,2.2705902000016067
sensitivity,min4,Grid-Network,5120,0.9375170289855073,0.7815538635722643,0.7137681159420289,0.7137681159420289,0.7137681159420289,3266.291989599995
sensitivity,min8,Grid-Network,5120,0.9323518115942028,0.768589324634674,0.6739130434782609,0.6739130434782609,0.6739130434782609,3.0972499000199605
sensitivity,min16,Grid-Network,5120,0.923241304347826,0.7447555801847571,0.644927536231884,0.644927536231884,0.644927536231884,4.724016299995128
sensitivity,min32,Grid-Network,5120,0.921291304347826,0.7442922227338626,0.6358695652173914,0.6358695652173914,0.6358695652173914,3.8977101999917068
sensitivity,min4,Grid-Network,6144,0.9294485507246377,0.7872873563691932,0.6902173913043478,0.6902173913043478,0.6902173913043478,4.33140860000276
sensitivity,min8,Grid-Network,6144,0.9279050724637681,0.7823957499299983,0.677536231884058,0.677536231884058,0.677536231884058,4.055456000001868
sensitivity,min16,Grid-Network,6144,0.9097815217391305,0.7522771890638104,0.6739130434782609,0.6739130434782609,0.6739130434782609,3.5784840999986045
sensitivity,min32,Grid-Network,6144,0.9030152173913044,0.7363248101835418,0.6630434782608695,0.6630434782608695,0.6630434782608695,2.1152713999908883
sensitivity,min4,Porto-derived,42,0.9742807971014493,0.8058108118230108,0.7518115942028986,0.7518115942028986,0.7518115942028986,10.438887999975123
sensitivity,min8,Porto-derived,42,0.9760891304347826,0.8798782588753034,0.8007246376811594,0.8007246376811594,0.8007246376811594,4.654435600008583
sensitivity,min16,Porto-derived,42,0.9525804347826088,0.8122732665137629,0.7518115942028986,0.7518115942028986,0.7518115942028986,3.023438800009899
sensitivity,min32,Porto-derived,42,0.9489985507246379,0.783382779064932,0.7590579710144928,0.7590579710144928,0.7590579710144928,3.0966291000077035
sensitivity,min4,Porto-derived,123,0.9737086956521739,0.8081277265133823,0.7644927536231884,0.7644927536231884,0.7644927536231884,4.540968899993459
sensitivity,min8,Porto-derived,123,0.9739786231884059,0.8217528613683114,0.7626811594202898,0.7626811594202898,0.7626811594202898,4.186959999991814
sensitivity,min16,Porto-derived,123,0.9701177536231884,0.7882076217621943,0.7282608695652174,0.7282608695652174,0.7282608695652174,3.7178105000057258
sensitivity,min32,Porto-derived,123,0.963145652173913,0.7808717158502005,0.7318840579710145,0.7318840579710145,0.7318840579710145,3265.042452599999
sensitivity,min4,Porto-derived,456,0.9686913043478261,0.8428494514272737,0.7373188405797102,0.7373188405797102,0.7373188405797102,3.4582999999984168
sensitivity,min8,Porto-derived,456,0.9688112318840579,0.8509767550187399,0.7644927536231884,0.7644927536231884,0.7644927536231884,7.2322313000040594
sensitivity,min16,Porto-derived,456,0.9539344202898551,0.809641971110701,0.7264492753623188,0.7264492753623188,0.7264492753623188,3.770814999996219
sensitivity,min32,Porto-derived,456,0.9302992753623187,0.7421487982663318,0.6793478260869565,0.6793478260869565,0.6793478260869565,2.8873839000007138
sensitivity,min4,Porto-derived,789,0.9567619565217391,0.7343192559191073,0.657608695652174,0.657608695652174,0.657608695652174,4.060100100003183
sensitivity,min8,Porto-derived,789,0.9583811594202898,0.7551748006009861,0.6684782608695652,0.6684782608695652,0.6684782608695652,4.8165245999989565
sensitivity,min16,Porto-derived,789,0.9421072463768116,0.7434479591171511,0.6992753623188406,0.6992753623188406,0.6992753623188406,3.182719900010852
sensitivity,min32,Porto-derived,789,0.9154289855072463,0.7009420064151063,0.6594202898550725,0.6594202898550725,0.6594202898550725,8.859920199989574
sensitivity,min4,Porto-derived,1024,0.9621623188405797,0.7744748348736444,0.6992753623188406,0.6992753623188406,0.6992753623188406,3.6578570999845397
sensitivity,min8,Porto-derived,1024,0.9622463768115942,0.7841514349370184,0.6920289855072463,0.6920289855072463,0.6920289855072463,3.933939799986547
sensitivity,min16,Porto-derived,1024,0.9576710144927536,0.7573034725557458,0.6757246376811594,0.6757246376811594,0.6757246376811594,4.7692981000000145
sensitivity,min32,Porto-derived,1024,0.957455072463768,0.7629315403690464,0.6793478260869565,0.6793478260869565,0.6793478260869565,4.263438699999824
sensitivity,min4,GeoLife,42,0.8128323293172691,0.4466720782282322,0.42771084337349397,0.42771084337349397,0.42771084337349397,2.9347150000103284
sensitivity,min8,GeoLife,42,0.812941767068273,0.4880881643881252,0.46686746987951805,0.46686746987951805,0.46686746987951805,2.3227024000079837
sensitivity,min16,GeoLife,42,0.8117289156626506,0.46959890274731825,0.4578313253012048,0.4578313253012048,0.4578313253012048,2.249896599998465
sensitivity,min32,GeoLife,42,0.8163524096385543,0.4515787423995549,0.4397590361445783,0.4397590361445783,0.4397590361445783,2.605719700019108
sensitivity,min4,GeoLife,123,0.8438192771084337,0.573749220926271,0.5451807228915663,0.5451807228915663,0.5451807228915663,2.250214400002733
sensitivity,min8,GeoLife,123,0.8453684738955825,0.5830074221368018,0.5421686746987951,0.5421686746987951,0.5421686746987951,3.05427370002144
sensitivity,min16,GeoLife,123,0.8236435742971886,0.5887370676268423,0.5572289156626506,0.5572289156626506,0.5572289156626506,3.712647999986075
sensitivity,min32,GeoLife,123,0.8061867469879518,0.5592705019580582,0.536144578313253,0.536144578313253,0.536144578313253,2.3047472999896854
sensitivity,min4,GeoLife,456,0.737225903614458,0.350675227454824,0.34036144578313254,0.34036144578313254,0.34036144578313254,3.03122770000482
sensitivity,min8,GeoLife,456,0.790785140562249,0.38547099306855587,0.3704819277108434,0.3704819277108434,0.3704819277108434,2.49196449998999
sensitivity,min16,GeoLife,456,0.7915461847389558,0.3830882181721479,0.3674698795180723,0.3674698795180723,0.3674698795180723,1.635027500014985
sensitivity,min32,GeoLife,456,0.7974558232931728,0.41076651531434977,0.37650602409638556,0.37650602409638556,0.37650602409638556,2.4065815999929328
sensitivity,min4,GeoLife,789,0.826901606425703,0.5789687521768839,0.5542168674698795,0.5542168674698795,0.5542168674698795,2.476477700023679
sensitivity,min8,GeoLife,789,0.8330160642570281,0.5468639446550833,0.5180722891566265,0.5180722891566265,0.5180722891566265,2.48680039998726
sensitivity,min16,GeoLife,789,0.7978202811244981,0.5179844383678168,0.5301204819277109,0.5301204819277109,0.5301204819277109,2.234374799998477
sensitivity,min32,GeoLife,789,0.7977289156626506,0.5184195812597217,0.5271084337349398,0.5271084337349398,0.5271084337349398,2.214226799987955
sensitivity,min4,GeoLife,1024,0.8509216867469879,0.5224786045919075,0.4879518072289157,0.4879518072289157,0.4879518072289157,2.821861100004753
sensitivity,min8,GeoLife,1024,0.8479206827309236,0.5504640942450667,0.5150602409638554,0.5150602409638554,0.5150602409638554,2.6516994000121485
sensitivity,min16,GeoLife,1024,0.8108895582329317,0.4877113822396835,0.45180722891566266,0.45180722891566266,0.45180722891566266,1.8290239999769256
sensitivity,min32,GeoLife,1024,0.8083524096385543,0.4846584164379728,0.4367469879518072,0.4367469879518072,0.4367469879518072,1.9367771999968681
