dataset,method,seed,n_samples,end_to_end_seconds,fit_score_seconds,timing_scope,epochs,pretrain_epochs,parameter_count,peak_gpu_memory_bytes,device
Synthetic,LSTM-AE,42,5552,24.423342420719564,24.423342420719564,fit_score_plus_job_io; pure training and scoring are not separated,80,,119506,1295507968,cuda:0
Synthetic,LSTM-AE,123,5552,24.119527101051062,24.119527101051062,fit_score_plus_job_io; pure training and scoring are not separated,80,,119506,1295507968,cuda:0
Synthetic,LSTM-AE,456,5552,24.298703622072935,24.298703622072935,fit_score_plus_job_io; pure training and scoring are not separated,79,,119506,1295507968,cuda:0
Synthetic,LSTM-AE,789,5552,20.943272326141596,20.943272326141596,fit_score_plus_job_io; pure training and scoring are not separated,79,,119506,1295507968,cuda:0
Synthetic,LSTM-AE,1024,5552,20.32109761610627,20.32109761610627,fit_score_plus_job_io; pure training and scoring are not separated,71,,119506,1295507968,cuda:0
Synthetic,LSTM-AE,2048,5552,22.30601337272674,22.30601337272674,fit_score_plus_job_io; pure training and scoring are not separated,73,,119506,1295507968,cuda:0
Synthetic,LSTM-AE,3072,5552,22.54031912982464,22.54031912982464,fit_score_plus_job_io; pure training and scoring are not separated,77,,119506,1295507968,cuda:0
Synthetic,LSTM-AE,4096,5552,21.713130875024945,21.713130875024945,fit_score_plus_job_io; pure training and scoring are not separated,74,,119506,1295507968,cuda:0
Synthetic,LSTM-AE,5120,5552,18.611179638188332,18.611179638188332,fit_score_plus_job_io; pure training and scoring are not separated,68,,119506,1295507968,cuda:0
Synthetic,LSTM-AE,6144,5552,21.112466941121966,21.112466941121966,fit_score_plus_job_io; pure training and scoring are not separated,74,,119506,1295507968,cuda:0
Synthetic,USAD,42,5552,32.75553788198158,32.75553788198158,fit_score_plus_job_io; pure training and scoring are not separated,80,,25828,0,cuda:1
Synthetic,USAD,123,5552,33.825027155689895,33.825027155689895,fit_score_plus_job_io; pure training and scoring are not separated,80,,25828,0,cuda:1
Synthetic,USAD,456,5552,31.373707613907754,31.373707613907754,fit_score_plus_job_io; pure training and scoring are not separated,80,,25828,0,cuda:1
Synthetic,USAD,789,5552,30.963202673010528,30.963202673010528,fit_score_plus_job_io; pure training and scoring are not separated,80,,25828,0,cuda:1
Synthetic,USAD,1024,5552,31.29214237909764,31.29214237909764,fit_score_plus_job_io; pure training and scoring are not separated,80,,25828,0,cuda:1
Synthetic,USAD,2048,5552,30.69179980829358,30.69179980829358,fit_score_plus_job_io; pure training and scoring are not separated,80,,25828,0,cuda:1
Synthetic,USAD,3072,5552,31.649680853821337,31.649680853821337,fit_score_plus_job_io; pure training and scoring are not separated,80,,25828,0,cuda:1
Synthetic,USAD,4096,5552,31.850738497450948,31.850738497450948,fit_score_plus_job_io; pure training and scoring are not separated,80,,25828,0,cuda:1
Synthetic,USAD,5120,5552,31.62015453679487,31.62015453679487,fit_score_plus_job_io; pure training and scoring are not separated,80,,25828,0,cuda:1
Synthetic,USAD,6144,5552,30.380828589666635,30.380828589666635,fit_score_plus_job_io; pure training and scoring are not separated,80,,25828,0,cuda:1
Synthetic,LM-TAD,42,5552,726.9788738582283,719.2568196221255,adapter_fit_plus_score; pure training and scoring are not separated,50,,56913408,1249036288,cuda:0
Synthetic,LM-TAD,123,5552,609.9401679448783,602.8906369348988,adapter_fit_plus_score; pure training and scoring are not separated,50,,56913408,1249036288,cuda:0
Synthetic,LM-TAD,456,5552,674.161600205116,665.2232400891371,adapter_fit_plus_score; pure training and scoring are not separated,50,,56913408,1249036288,cuda:0
Synthetic,LM-TAD,789,5552,640.9866052228026,634.7707440382801,adapter_fit_plus_score; pure training and scoring are not separated,50,,56913408,1249036288,cuda:0
Synthetic,LM-TAD,1024,5552,859.6641097511165,850.4751673690043,adapter_fit_plus_score; pure training and scoring are not separated,50,,56913408,1249036288,cuda:0
Synthetic,LM-TAD,2048,5552,772.1105397739448,763.7665786459111,adapter_fit_plus_score; pure training and scoring are not separated,50,,56913408,1249036288,cuda:0
Synthetic,LM-TAD,3072,5552,763.1650737030432,754.2196283899248,adapter_fit_plus_score; pure training and scoring are not separated,50,,56913408,1249036288,cuda:0
Synthetic,LM-TAD,4096,5552,889.8054898260161,880.7014153208584,adapter_fit_plus_score; pure training and scoring are not separated,50,,56913408,1249036288,cuda:0
Synthetic,LM-TAD,5120,5552,803.1852880050428,800.9961228808388,adapter_fit_plus_score; pure training and scoring are not separated,50,,56913408,1249036288,cuda:0
Synthetic,LM-TAD,6144,5552,767.5399548388086,764.9204923380166,adapter_fit_plus_score; pure training and scoring are not separated,50,,56913408,1249036288,cuda:0
Synthetic,MST-OATD,42,5552,35.34606800787151,34.42933382187039,adapter_fit_plus_score; pure training and scoring are not separated,10,8,11840659,6965044224,cuda:0
Synthetic,MST-OATD,123,5552,35.318585771135986,34.69280700571835,adapter_fit_plus_score; pure training and scoring are not separated,10,8,11840659,6965044224,cuda:0
Synthetic,MST-OATD,456,5552,35.98091440927237,35.33552374318242,adapter_fit_plus_score; pure training and scoring are not separated,10,8,11840659,6965044224,cuda:0
Synthetic,MST-OATD,789,5552,35.362936324905604,34.72499496024102,adapter_fit_plus_score; pure training and scoring are not separated,10,8,11840659,6965044224,cuda:0
Synthetic,MST-OATD,1024,5552,35.25790795404464,34.62580374395475,adapter_fit_plus_score; pure training and scoring are not separated,10,8,11840659,6965044224,cuda:0
Synthetic,MST-OATD,2048,5552,34.729735914152116,33.935072641819715,adapter_fit_plus_score; pure training and scoring are not separated,10,8,11840659,6965044224,cuda:0
Synthetic,MST-OATD,3072,5552,35.24570897500962,34.370679383631796,adapter_fit_plus_score; pure training and scoring are not separated,10,8,11840659,6965044224,cuda:0
Synthetic,MST-OATD,4096,5552,35.09011842869222,34.31960800103843,adapter_fit_plus_score; pure training and scoring are not separated,10,8,11840659,6965044224,cuda:0
Synthetic,MST-OATD,5120,5552,35.06772951502353,34.32854525092989,adapter_fit_plus_score; pure training and scoring are not separated,10,8,11840659,6965044224,cuda:0
Synthetic,MST-OATD,6144,5552,34.58537631109357,33.85154938697815,adapter_fit_plus_score; pure training and scoring are not separated,10,8,11840659,6965044224,cuda:0
Grid-Network,LSTM-AE,42,5552,14.901368553750217,14.901368553750217,fit_score_plus_job_io; pure training and scoring are not separated,54,,208290,0,cuda:2
Grid-Network,LSTM-AE,123,5552,12.425952621269971,12.425952621269971,fit_score_plus_job_io; pure training and scoring are not separated,44,,208290,0,cuda:2
Grid-Network,LSTM-AE,456,5552,11.998386384919286,11.998386384919286,fit_score_plus_job_io; pure training and scoring are not separated,45,,208290,0,cuda:2
Grid-Network,LSTM-AE,789,5552,8.758292497135699,8.758292497135699,fit_score_plus_job_io; pure training and scoring are not separated,28,,208290,0,cuda:2
Grid-Network,LSTM-AE,1024,5552,18.494489938020706,18.494489938020706,fit_score_plus_job_io; pure training and scoring are not separated,67,,208290,0,cuda:2
Grid-Network,LSTM-AE,2048,5552,12.162527911830693,12.162527911830693,fit_score_plus_job_io; pure training and scoring are not separated,39,,208290,0,cuda:2
Grid-Network,LSTM-AE,3072,5552,11.994333697948605,11.994333697948605,fit_score_plus_job_io; pure training and scoring are not separated,45,,208290,0,cuda:2
Grid-Network,LSTM-AE,4096,5552,13.68790425406769,13.68790425406769,fit_score_plus_job_io; pure training and scoring are not separated,56,,208290,0,cuda:2
Grid-Network,LSTM-AE,5120,5552,15.415630460716784,15.415630460716784,fit_score_plus_job_io; pure training and scoring are not separated,53,,208290,0,cuda:2
Grid-Network,LSTM-AE,6144,5552,12.940377270337194,12.940377270337194,fit_score_plus_job_io; pure training and scoring are not separated,46,,208290,0,cuda:2
Grid-Network,USAD,42,5552,31.832860651426017,31.832860651426017,fit_score_plus_job_io; pure training and scoring are not separated,80,,25828,0,cuda:3
Grid-Network,USAD,123,5552,31.747713605407625,31.747713605407625,fit_score_plus_job_io; pure training and scoring are not separated,80,,25828,0,cuda:3
Grid-Network,USAD,456,5552,32.152743857353926,32.152743857353926,fit_score_plus_job_io; pure training and scoring are not separated,80,,25828,0,cuda:3
Grid-Network,USAD,789,5552,31.597684055101126,31.597684055101126,fit_score_plus_job_io; pure training and scoring are not separated,80,,25828,0,cuda:3
Grid-Network,USAD,1024,5552,29.83541127713397,29.83541127713397,fit_score_plus_job_io; pure training and scoring are not separated,80,,25828,0,cuda:3
Grid-Network,USAD,2048,5552,30.27938750386238,30.27938750386238,fit_score_plus_job_io; pure training and scoring are not separated,80,,25828,0,cuda:3
Grid-Network,USAD,3072,5552,28.96899181511253,28.96899181511253,fit_score_plus_job_io; pure training and scoring are not separated,80,,25828,0,cuda:3
Grid-Network,USAD,4096,5552,29.325210012029856,29.325210012029856,fit_score_plus_job_io; pure training and scoring are not separated,80,,25828,0,cuda:3
Grid-Network,USAD,5120,5552,30.638707648031414,30.638707648031414,fit_score_plus_job_io; pure training and scoring are not separated,80,,25828,0,cuda:3
Grid-Network,USAD,6144,5552,31.64351741457358,31.64351741457358,fit_score_plus_job_io; pure training and scoring are not separated,80,,25828,0,cuda:3
Grid-Network,LM-TAD,42,5552,856.4590054261498,854.0379073480144,adapter_fit_plus_score; pure training and scoring are not separated,50,,56913408,1249036288,cuda:0
Grid-Network,LM-TAD,123,5552,829.9280490870588,827.4735631169751,adapter_fit_plus_score; pure training and scoring are not separated,50,,56913408,1249036288,cuda:0
Grid-Network,LM-TAD,456,5552,758.282732241787,755.6571510271169,adapter_fit_plus_score; pure training and scoring are not separated,50,,56913408,1249036288,cuda:0
Grid-Network,LM-TAD,789,5552,761.8859179709107,759.3323528007604,adapter_fit_plus_score; pure training and scoring are not separated,50,,56913408,1249036288,cuda:0
Grid-Network,LM-TAD,1024,5552,810.5995144229382,808.2375534819439,adapter_fit_plus_score; pure training and scoring are not separated,50,,56913408,1249036288,cuda:0
Grid-Network,LM-TAD,2048,5552,798.7869936358184,796.6254381947219,adapter_fit_plus_score; pure training and scoring are not separated,50,,56913408,1249036288,cuda:0
Grid-Network,LM-TAD,3072,5552,777.9271573028527,775.4164124648087,adapter_fit_plus_score; pure training and scoring are not separated,50,,56913408,1249036288,cuda:0
Grid-Network,LM-TAD,4096,5552,671.6543399370275,669.059161612764,adapter_fit_plus_score; pure training and scoring are not separated,50,,56913408,1249036288,cuda:0
Grid-Network,LM-TAD,5120,5552,827.0265655419789,824.4778536511585,adapter_fit_plus_score; pure training and scoring are not separated,50,,56913408,1249036288,cuda:0
Grid-Network,LM-TAD,6144,5552,874.4746319968253,871.9764117319137,adapter_fit_plus_score; pure training and scoring are not separated,50,,56913408,1249036288,cuda:0
Grid-Network,MST-OATD,42,5552,35.31759615102783,34.6823211829178,adapter_fit_plus_score; pure training and scoring are not separated,10,8,11840659,6965044224,cuda:0
Grid-Network,MST-OATD,123,5552,35.165816497057676,34.42747894814238,adapter_fit_plus_score; pure training and scoring are not separated,10,8,11840659,6965044224,cuda:0
Grid-Network,MST-OATD,456,5552,36.02089507924393,35.35805310215801,adapter_fit_plus_score; pure training and scoring are not separated,10,8,11840659,6965044224,cuda:0
Grid-Network,MST-OATD,789,5552,34.653922006022185,33.77369316201657,adapter_fit_plus_score; pure training and scoring are not separated,10,8,11840659,6965044224,cuda:0
Grid-Network,MST-OATD,1024,5552,35.03276612376794,34.20368627924472,adapter_fit_plus_score; pure training and scoring are not separated,10,8,11840659,6965044224,cuda:0
Grid-Network,MST-OATD,2048,5552,34.953454456757754,34.186956390272826,adapter_fit_plus_score; pure training and scoring are not separated,10,8,11840659,6965044224,cuda:0
Grid-Network,MST-OATD,3072,5552,34.85042270924896,34.20368864061311,adapter_fit_plus_score; pure training and scoring are not separated,10,8,11840659,6965044224,cuda:0
Grid-Network,MST-OATD,4096,5552,35.48996995994821,34.64042810117826,adapter_fit_plus_score; pure training and scoring are not separated,10,8,11840659,6965044224,cuda:0
Grid-Network,MST-OATD,5120,5552,35.02714975690469,34.39457036415115,adapter_fit_plus_score; pure training and scoring are not separated,10,8,11840659,6965044224,cuda:0
Grid-Network,MST-OATD,6144,5552,34.100624999031425,33.33048311714083,adapter_fit_plus_score; pure training and scoring are not separated,10,8,11840659,6965044224,cuda:0
Porto-derived,LSTM-AE,42,5552,17.588595149107277,17.588595149107277,fit_score_plus_job_io; pure training and scoring are not separated,62,,52946,0,cuda:4
Porto-derived,LSTM-AE,123,5552,11.783797485753894,11.783797485753894,fit_score_plus_job_io; pure training and scoring are not separated,42,,52946,0,cuda:4
Porto-derived,LSTM-AE,456,5552,14.431253696791828,14.431253696791828,fit_score_plus_job_io; pure training and scoring are not separated,55,,52946,0,cuda:4
Porto-derived,LSTM-AE,789,5552,12.599547670222819,12.599547670222819,fit_score_plus_job_io; pure training and scoring are not separated,45,,52946,0,cuda:4
Porto-derived,LSTM-AE,1024,5552,20.578978078905493,20.578978078905493,fit_score_plus_job_io; pure training and scoring are not separated,80,,52946,0,cuda:4
Porto-derived,USAD,42,5552,35.344801062718034,35.344801062718034,fit_score_plus_job_io; pure training and scoring are not separated,80,,25828,0,cuda:5
Porto-derived,USAD,123,5552,32.82310846820474,32.82310846820474,fit_score_plus_job_io; pure training and scoring are not separated,80,,25828,0,cuda:5
Porto-derived,USAD,456,5552,32.853956318926066,32.853956318926066,fit_score_plus_job_io; pure training and scoring are not separated,80,,25828,0,cuda:5
Porto-derived,USAD,789,5552,31.462311292998493,31.462311292998493,fit_score_plus_job_io; pure training and scoring are not separated,80,,25828,0,cuda:5
Porto-derived,USAD,1024,5552,30.75456996774301,30.75456996774301,fit_score_plus_job_io; pure training and scoring are not separated,80,,25828,0,cuda:5
Porto-derived,LM-TAD,42,5552,818.1645298232324,815.6960932170041,adapter_fit_plus_score; pure training and scoring are not separated,50,,56913408,1249036288,cuda:0
Porto-derived,LM-TAD,123,5552,871.7166356211528,869.1004327666014,adapter_fit_plus_score; pure training and scoring are not separated,50,,56913408,1249036288,cuda:0
Porto-derived,LM-TAD,456,5552,854.0666502336971,851.5795790739357,adapter_fit_plus_score; pure training and scoring are not separated,50,,56913408,1249036288,cuda:0
Porto-derived,LM-TAD,789,5552,721.4244660399854,718.8591014379635,adapter_fit_plus_score; pure training and scoring are not separated,50,,56913408,1249036288,cuda:0
Porto-derived,LM-TAD,1024,5552,808.8260935521685,806.4286147798412,adapter_fit_plus_score; pure training and scoring are not separated,50,,56913408,1249036288,cuda:0
Porto-derived,MST-OATD,42,5552,35.74796397797763,35.04877369804308,adapter_fit_plus_score; pure training and scoring are not separated,10,8,11840659,6965044224,cuda:0
Porto-derived,MST-OATD,123,5552,35.70596697926521,35.05880186287686,adapter_fit_plus_score; pure training and scoring are not separated,10,8,11840659,6965044224,cuda:0
Porto-derived,MST-OATD,456,5552,35.91150150820613,35.284969033207744,adapter_fit_plus_score; pure training and scoring are not separated,10,8,11840659,6965044224,cuda:0
Porto-derived,MST-OATD,789,5552,35.39219538960606,34.58647623611614,adapter_fit_plus_score; pure training and scoring are not separated,10,8,11840659,6965044224,cuda:0
Porto-derived,MST-OATD,1024,5552,34.89011842897162,33.99665368068963,adapter_fit_plus_score; pure training and scoring are not separated,10,8,11840659,6965044224,cuda:0
GeoLife,LSTM-AE,42,3332,12.360458228271455,12.360458228271455,fit_score_plus_job_io; pure training and scoring are not separated,72,,208290,0,cuda:6
GeoLife,LSTM-AE,123,3332,13.623572053853422,13.623572053853422,fit_score_plus_job_io; pure training and scoring are not separated,80,,208290,0,cuda:6
GeoLife,LSTM-AE,456,3332,13.623808709904552,13.623808709904552,fit_score_plus_job_io; pure training and scoring are not separated,80,,208290,0,cuda:6
GeoLife,LSTM-AE,789,3332,13.219146597199142,13.219146597199142,fit_score_plus_job_io; pure training and scoring are not separated,80,,208290,0,cuda:6
GeoLife,LSTM-AE,1024,3332,12.689391508698463,12.689391508698463,fit_score_plus_job_io; pure training and scoring are not separated,72,,208290,0,cuda:6
GeoLife,USAD,42,3332,19.358599356375635,19.358599356375635,fit_score_plus_job_io; pure training and scoring are not separated,80,,25828,0,cuda:7
GeoLife,USAD,123,3332,20.722215390764177,20.722215390764177,fit_score_plus_job_io; pure training and scoring are not separated,80,,25828,0,cuda:7
GeoLife,USAD,456,3332,20.371508345007896,20.371508345007896,fit_score_plus_job_io; pure training and scoring are not separated,80,,25828,0,cuda:7
GeoLife,USAD,789,3332,20.750495896674693,20.750495896674693,fit_score_plus_job_io; pure training and scoring are not separated,80,,25828,0,cuda:7
GeoLife,USAD,1024,3332,20.329547484871,20.329547484871,fit_score_plus_job_io; pure training and scoring are not separated,80,,25828,0,cuda:7
GeoLife,LM-TAD,42,3332,356.3286337191239,353.87935493979603,adapter_fit_plus_score; pure training and scoring are not separated,50,,56913408,1250551296,cuda:0
GeoLife,LM-TAD,123,3332,531.9531420348212,529.3933355086483,adapter_fit_plus_score; pure training and scoring are not separated,50,,56913408,1250551296,cuda:0
GeoLife,LM-TAD,456,3332,512.9854764030315,510.459669765085,adapter_fit_plus_score; pure training and scoring are not separated,50,,56913408,1250551296,cuda:0
GeoLife,LM-TAD,789,3332,502.3612662400119,500.14583571301773,adapter_fit_plus_score; pure training and scoring are not separated,50,,56913408,1250551296,cuda:0
GeoLife,LM-TAD,1024,3332,453.4041101508774,450.9356295960024,adapter_fit_plus_score; pure training and scoring are not separated,50,,56913408,1250551296,cuda:0
GeoLife,MST-OATD,42,3332,26.117972558829933,25.48263268219307,adapter_fit_plus_score; pure training and scoring are not separated,10,8,11840659,6965044224,cuda:0
GeoLife,MST-OATD,123,3332,25.11852240981534,24.5948972213082,adapter_fit_plus_score; pure training and scoring are not separated,10,8,11840659,6965044224,cuda:0
GeoLife,MST-OATD,456,3332,26.030013287905604,25.519482764881104,adapter_fit_plus_score; pure training and scoring are not separated,10,8,11840659,6965044224,cuda:0
GeoLife,MST-OATD,789,3332,25.24078448722139,24.64565174933523,adapter_fit_plus_score; pure training and scoring are not separated,10,8,11840659,6965044224,cuda:0
GeoLife,MST-OATD,1024,3332,26.01151969563216,25.364010599907488,adapter_fit_plus_score; pure training and scoring are not separated,10,8,11840659,6965044224,cuda:0
