dataset,method,seed,AUC,AUPRC,F1,Precision,Recall,Runtime
Synthetic,EWGB-TAD,42,0.8935126811594203,0.6605386944712135,0.7101449275362319,0.7101449275362319,0.7101449275362319,6.965995499995188
Synthetic,EWGB-TAD,123,0.9005036231884059,0.6923208651762234,0.6811594202898551,0.6811594202898551,0.6811594202898551,6.959248400002252
Synthetic,EWGB-TAD,456,0.85049384057971,0.5878899534559607,0.5851449275362319,0.5851449275362319,0.5851449275362319,5.7981373999937205
Synthetic,EWGB-TAD,789,0.8430202898550725,0.5773276534639511,0.5597826086956522,0.5597826086956522,0.5597826086956522,4.9557967000000644
Synthetic,EWGB-TAD,1024,0.8352434782608696,0.5455404902461616,0.5416666666666666,0.5416666666666666,0.5416666666666666,5.13730289999512
Synthetic,EWGB-TAD,2048,0.9116307971014492,0.7354149765212715,0.7101449275362319,0.7101449275362319,0.7101449275362319,6.606921999991755
Synthetic,EWGB-TAD,3072,0.8556811594202899,0.5665792869524776,0.5561594202898551,0.5561594202898551,0.5561594202898551,4.431275299997651
Synthetic,EWGB-TAD,4096,0.8621880434782608,0.5813370564590956,0.5561594202898551,0.5561594202898551,0.5561594202898551,5.766925900010392
Synthetic,EWGB-TAD,5120,0.910216304347826,0.7845748266759368,0.7318840579710145,0.7318840579710145,0.7318840579710145,6.002808399993228
Synthetic,EWGB-TAD,6144,0.8674065217391304,0.5729251377075967,0.5652173913043478,0.5652173913043478,0.5652173913043478,6.387420099999872
Synthetic,IForest,42,0.8575474637681159,0.6183742492491069,0.5815217391304348,0.5815217391304348,0.5815217391304348,1.9480787310749292
Synthetic,IForest,123,0.8617826086956522,0.5833215645679622,0.5561594202898551,0.5561594202898551,0.5561594202898551,1.2230372177436948
Synthetic,IForest,456,0.8614264492753623,0.6338300294062396,0.6014492753623188,0.6014492753623188,0.6014492753623188,1.0924097253009677
Synthetic,IForest,789,0.8639945652173913,0.6542165910535694,0.6014492753623188,0.6014492753623188,0.6014492753623188,0.7678916337899864
Synthetic,IForest,1024,0.8492753623188406,0.5897763691740313,0.5615942028985508,0.5615942028985508,0.5615942028985508,1.0843287552706897
Synthetic,IForest,2048,0.8797130434782607,0.6074578193453222,0.5797101449275363,0.5797101449275363,0.5797101449275363,0.7420276207849383
Synthetic,IForest,3072,0.8650746376811594,0.5889123304371697,0.5742753623188406,0.5742753623188406,0.5742753623188406,0.9506502011790872
Synthetic,IForest,4096,0.8680601449275361,0.5994168231332087,0.5688405797101449,0.5688405797101449,0.5688405797101449,0.7689117412082851
Synthetic,IForest,5120,0.860645652173913,0.6162716326222845,0.592391304347826,0.592391304347826,0.592391304347826,1.0375968981534243
Synthetic,IForest,6144,0.8723297101449274,0.6215954247114205,0.6014492753623188,0.6014492753623188,0.6014492753623188,0.7786570871248841
Synthetic,ECOD,42,0.8422492753623188,0.4833050122147502,0.5036231884057971,0.5036231884057971,0.5036231884057971,0.17853430984541774
Synthetic,ECOD,123,0.845506884057971,0.4970581407733336,0.519927536231884,0.519927536231884,0.519927536231884,0.21423307713121176
Synthetic,ECOD,456,0.8428728260869566,0.48326480096283086,0.5181159420289855,0.5181159420289855,0.5181159420289855,0.23415229097008705
Synthetic,ECOD,789,0.8371155797101449,0.4752059198115921,0.5054347826086957,0.5054347826086957,0.5054347826086957,0.10681817308068275
Synthetic,ECOD,1024,0.8309275362318839,0.4756355377912861,0.5018115942028986,0.5018115942028986,0.5018115942028986,0.11510068830102682
Synthetic,ECOD,2048,0.8619134057971015,0.4876228491688207,0.519927536231884,0.519927536231884,0.519927536231884,0.1698437910526991
Synthetic,ECOD,3072,0.8526735507246377,0.4927185386310401,0.5126811594202898,0.5126811594202898,0.5126811594202898,0.10964702721685171
Synthetic,ECOD,4096,0.8444297101449276,0.47835742707012957,0.5,0.5,0.5,0.24400468217208982
Synthetic,ECOD,5120,0.8312315217391303,0.48111281301154807,0.5181159420289855,0.5181159420289855,0.5181159420289855,0.1527432668954134
Synthetic,ECOD,6144,0.8618869565217391,0.5055760572635872,0.5489130434782609,0.5489130434782609,0.5489130434782609,0.11711153294891119
Synthetic,iBoost-ODE,42,0.8389221014492754,0.5287061978263425,0.5271739130434783,0.5271739130434783,0.5271739130434783,3.5044473418965936
Synthetic,iBoost-ODE,123,0.8605561594202897,0.5660546575595199,0.552536231884058,0.552536231884058,0.552536231884058,2.859180845785886
Synthetic,iBoost-ODE,456,0.8538844202898551,0.573634554426082,0.5742753623188406,0.5742753623188406,0.5742753623188406,3.054055903572589
Synthetic,iBoost-ODE,789,0.8485974637681161,0.5123758156425211,0.5271739130434783,0.5271739130434783,0.5271739130434783,3.5497575127519667
Synthetic,iBoost-ODE,1024,0.8597989130434783,0.6049396825703094,0.5778985507246377,0.5778985507246377,0.5778985507246377,3.922773355152458
Synthetic,iBoost-ODE,2048,0.8885465579710145,0.6228391141088838,0.6032608695652174,0.6032608695652174,0.6032608695652174,2.3844961132854223
Synthetic,iBoost-ODE,3072,0.844909963768116,0.4944371236615819,0.5126811594202898,0.5126811594202898,0.5126811594202898,3.386677068658173
Synthetic,iBoost-ODE,4096,0.8400157608695653,0.48649893000950356,0.4963768115942029,0.4963768115942029,0.4963768115942029,3.355865911114961
Synthetic,iBoost-ODE,5120,0.8142733695652173,0.4458288792311935,0.48188405797101447,0.48188405797101447,0.48188405797101447,3.305011759046465
Synthetic,iBoost-ODE,6144,0.8603003623188406,0.531287059556885,0.5416666666666666,0.5416666666666666,0.5416666666666666,3.163703623227775
Synthetic,CoMadOut,42,0.8463280797101449,0.6016551337966985,0.5797101449275363,0.5797101449275363,0.5797101449275363,0.5567547320388258
Synthetic,CoMadOut,123,0.8467284420289856,0.6705713064246762,0.6014492753623188,0.6014492753623188,0.6014492753623188,0.347145885694772
Synthetic,CoMadOut,456,0.8055916666666667,0.6222938970450012,0.5561594202898551,0.5561594202898551,0.5561594202898551,0.2967094387859106
Synthetic,CoMadOut,789,0.8140655797101448,0.6430740838418637,0.5815217391304348,0.5815217391304348,0.5815217391304348,0.17365717189386487
Synthetic,CoMadOut,1024,0.7865148550724639,0.5767125986011222,0.5217391304347826,0.5217391304347826,0.5217391304347826,0.37874580919742584
Synthetic,CoMadOut,2048,0.7581990942028985,0.5435258392640618,0.4927536231884058,0.4927536231884058,0.4927536231884058,0.21848088782280684
Synthetic,CoMadOut,3072,0.8573873188405796,0.6831950673035894,0.6086956521739131,0.6086956521739131,0.6086956521739131,0.4208451109007001
Synthetic,CoMadOut,4096,0.8059592391304347,0.6125139656726458,0.5507246376811594,0.5507246376811594,0.5507246376811594,0.2840471533127129
Synthetic,CoMadOut,5120,0.8342561594202899,0.39870959021445374,0.48007246376811596,0.48007246376811596,0.48007246376811596,0.18923265067860484
Synthetic,CoMadOut,6144,0.7778318840579711,0.2082328507626808,0.16666666666666666,0.16666666666666666,0.16666666666666666,0.34149356512352824
Synthetic,Shape-KNN,42,0.9296264492753623,0.7758222474201528,0.7246376811594203,0.7246376811594203,0.7246376811594203,39.9278115183115
Synthetic,Shape-KNN,123,0.9330641304347828,0.7746152243804644,0.717391304347826,0.717391304347826,0.717391304347826,35.05803020624444
Synthetic,Shape-KNN,456,0.9226766304347827,0.762072480156331,0.7137681159420289,0.7137681159420289,0.7137681159420289,41.62341386359185
Synthetic,Shape-KNN,789,0.9209215579710144,0.7436109384463294,0.7010869565217391,0.7010869565217391,0.7010869565217391,45.10164794418961
Synthetic,Shape-KNN,1024,0.9312961956521739,0.7702659014534761,0.7083333333333334,0.7083333333333334,0.7083333333333334,43.628356497269124
Synthetic,Shape-KNN,2048,0.9309735507246376,0.7575442848766966,0.7155797101449275,0.7155797101449275,0.7155797101449275,47.41142891300842
Synthetic,Shape-KNN,3072,0.9452289855072464,0.7923647713017862,0.7264492753623188,0.7264492753623188,0.7264492753623188,35.56446947203949
Synthetic,Shape-KNN,4096,0.9313302536231884,0.7798553172323445,0.7264492753623188,0.7264492753623188,0.7264492753623188,38.33384809270501
Synthetic,Shape-KNN,5120,0.9256945652173914,0.7482732192862221,0.6992753623188406,0.6992753623188406,0.6992753623188406,39.40068110404536
Synthetic,Shape-KNN,6144,0.9349170289855073,0.7857224092129941,0.730072463768116,0.730072463768116,0.730072463768116,24.00893584312871
Synthetic,SegmentOD,42,0.8019711956521739,0.5536295529618086,0.5253623188405797,0.5253623188405797,0.5253623188405797,1.1995806191116571
Synthetic,SegmentOD,123,0.7919655797101449,0.5163389588479411,0.4673913043478261,0.4673913043478261,0.4673913043478261,0.5860537141561508
Synthetic,SegmentOD,456,0.7800744565217392,0.5245025028734727,0.483695652173913,0.483695652173913,0.483695652173913,0.7540684989653528
Synthetic,SegmentOD,789,0.7951259057971014,0.5055017352667622,0.4601449275362319,0.4601449275362319,0.4601449275362319,0.8481906126253307
Synthetic,SegmentOD,1024,0.7969894927536232,0.5144440034104522,0.47282608695652173,0.47282608695652173,0.47282608695652173,0.8437147978693247
Synthetic,SegmentOD,2048,0.7821355072463768,0.5032628323050977,0.4746376811594203,0.4746376811594203,0.4746376811594203,0.9532574089244008
Synthetic,SegmentOD,3072,0.8198507246376812,0.5647046651081744,0.5090579710144928,0.5090579710144928,0.5090579710144928,0.6854074690490961
Synthetic,SegmentOD,4096,0.7975851449275362,0.53017966450502,0.4782608695652174,0.4782608695652174,0.4782608695652174,0.6565022771246731
Synthetic,SegmentOD,5120,0.776515036231884,0.5069651420347285,0.47101449275362317,0.47101449275362317,0.47101449275362317,0.5439548268914223
Synthetic,SegmentOD,6144,0.8047235507246376,0.5495546162260959,0.5036231884057971,0.5036231884057971,0.5036231884057971,0.6437826449982822
Synthetic,TADS,42,0.7414282608695651,0.28589952427388426,0.33152173913043476,0.33152173913043476,0.33152173913043476,9.103292237967253
Synthetic,TADS,123,0.730033695652174,0.28131418980872697,0.3496376811594203,0.3496376811594203,0.3496376811594203,5.852489747107029
Synthetic,TADS,456,0.713584420289855,0.2441252765742928,0.3115942028985507,0.3115942028985507,0.3115942028985507,4.760662641376257
Synthetic,TADS,789,0.7184456521739131,0.2571789221824511,0.3278985507246377,0.3278985507246377,0.3278985507246377,5.352114289067686
Synthetic,TADS,1024,0.7269384057971015,0.29087315817459924,0.3496376811594203,0.3496376811594203,0.3496376811594203,5.646952331997454
Synthetic,TADS,2048,0.728581884057971,0.2768489386312451,0.3134057971014493,0.3134057971014493,0.3134057971014493,7.396550010424107
Synthetic,TADS,3072,0.7395510869565217,0.27535538698234485,0.32608695652173914,0.32608695652173914,0.32608695652173914,4.82317035086453
Synthetic,TADS,4096,0.7292268115942029,0.2805611053407357,0.3242753623188406,0.3242753623188406,0.3242753623188406,4.8250618148595095
Synthetic,TADS,5120,0.7427021739130435,0.2905063009342429,0.34601449275362317,0.34601449275362317,0.34601449275362317,4.7441840074025095
Synthetic,TADS,6144,0.7431659420289857,0.2830293266344832,0.3351449275362319,0.3351449275362319,0.3351449275362319,5.6799566661939025
Synthetic,Profile-TAD,42,0.6979,0.16067789755693695,0.161231884057971,0.161231884057971,0.161231884057971,1.7774019329808652
Synthetic,Profile-TAD,123,0.6894007246376812,0.15955193693390907,0.15760869565217392,0.15760869565217392,0.15760869565217392,2.65050452016294
Synthetic,Profile-TAD,456,0.7158043478260869,0.17891181188069777,0.18659420289855072,0.18659420289855072,0.18659420289855072,3.1332626813091338
Synthetic,Profile-TAD,789,0.7131431159420291,0.17420935193165837,0.18659420289855072,0.18659420289855072,0.18659420289855072,2.819865444675088
Synthetic,Profile-TAD,1024,0.7113760869565218,0.1767011756742868,0.20471014492753623,0.20471014492753623,0.20471014492753623,1.846657978836447
Synthetic,Profile-TAD,2048,0.7042467391304348,0.16439678006426406,0.17028985507246377,0.17028985507246377,0.17028985507246377,1.7278318558819592
Synthetic,Profile-TAD,3072,0.7051971014492753,0.167425889244522,0.17028985507246377,0.17028985507246377,0.17028985507246377,1.902254416141659
Synthetic,Profile-TAD,4096,0.7124039855072464,0.17510989459243265,0.17572463768115942,0.17572463768115942,0.17572463768115942,2.659049365669489
Synthetic,Profile-TAD,5120,0.7195434782608695,0.17716194496776058,0.1956521739130435,0.1956521739130435,0.1956521739130435,2.4978653909638524
Synthetic,Profile-TAD,6144,0.7270971014492754,0.1788025466330927,0.1956521739130435,0.1956521739130435,0.1956521739130435,2.634738768916577
Synthetic,LSTM-AE,42,0.9395097826086957,0.8686960001684831,0.8134057971014492,0.8134057971014492,0.8134057971014492,24.423342420719564
Synthetic,LSTM-AE,123,0.9388286231884058,0.8546130182504604,0.7934782608695652,0.7934782608695652,0.7934782608695652,24.119527101051062
Synthetic,LSTM-AE,456,0.9389597826086957,0.8541233185680926,0.7916666666666666,0.7916666666666666,0.7916666666666666,24.298703622072935
Synthetic,LSTM-AE,789,0.9355521739130435,0.8345470325681652,0.769927536231884,0.769927536231884,0.769927536231884,20.943272326141596
Synthetic,LSTM-AE,1024,0.9464597826086956,0.8565876746503494,0.7880434782608695,0.7880434782608695,0.7880434782608695,20.32109761610627
Synthetic,LSTM-AE,2048,0.9458771739130434,0.8767647568560395,0.8115942028985508,0.8115942028985508,0.8115942028985508,22.30601337272674
Synthetic,LSTM-AE,3072,0.9620413043478261,0.8847735959209084,0.8152173913043478,0.8152173913043478,0.8152173913043478,22.54031912982464
Synthetic,LSTM-AE,4096,0.9568557971014493,0.8802624416389457,0.8134057971014492,0.8134057971014492,0.8134057971014492,21.713130875024945
Synthetic,LSTM-AE,5120,0.9338192028985507,0.8148028956953169,0.7373188405797102,0.7373188405797102,0.7373188405797102,18.611179638188332
Synthetic,LSTM-AE,6144,0.9485554347826087,0.8674748544672835,0.8097826086956522,0.8097826086956522,0.8097826086956522,21.112466941121966
Synthetic,USAD,42,0.8340394927536232,0.4934705180721721,0.4746376811594203,0.4746376811594203,0.4746376811594203,32.75553788198158
Synthetic,USAD,123,0.8542188405797102,0.55927730965842,0.5471014492753623,0.5471014492753623,0.5471014492753623,33.825027155689895
Synthetic,USAD,456,0.8595739130434783,0.5352845200834121,0.5271739130434783,0.5271739130434783,0.5271739130434783,31.373707613907754
Synthetic,USAD,789,0.8306815217391305,0.42747562584151916,0.45471014492753625,0.45471014492753625,0.45471014492753625,30.963202673010528
Synthetic,USAD,1024,0.8427416666666666,0.5127757659348902,0.519927536231884,0.519927536231884,0.519927536231884,31.29214237909764
Synthetic,USAD,2048,0.8459251811594204,0.5131205077172981,0.4927536231884058,0.4927536231884058,0.4927536231884058,30.69179980829358
Synthetic,USAD,3072,0.8435338768115942,0.5232554519312516,0.5,0.5,0.5,31.649680853821337
Synthetic,USAD,4096,0.8470152173913043,0.5256239279970357,0.4963768115942029,0.4963768115942029,0.4963768115942029,31.850738497450948
Synthetic,USAD,5120,0.8403789855072464,0.5315794349696261,0.5163043478260869,0.5163043478260869,0.5163043478260869,31.62015453679487
Synthetic,USAD,6144,0.862530072463768,0.5796293624137604,0.5471014492753623,0.5471014492753623,0.5471014492753623,30.380828589666635
Synthetic,LM-TAD,42,0.8511925724637682,0.5756038188396779,0.5289855072463768,0.5289855072463768,0.5289855072463768,726.9788738582283
Synthetic,LM-TAD,123,0.8638226449275364,0.5932444145952152,0.552536231884058,0.552536231884058,0.552536231884058,609.9401679448783
Synthetic,LM-TAD,456,0.8287324275362318,0.5406703718352359,0.5090579710144928,0.5090579710144928,0.5090579710144928,674.161600205116
Synthetic,LM-TAD,789,0.8213086956521739,0.46772102563655044,0.4528985507246377,0.4528985507246377,0.4528985507246377,640.9866052228026
Synthetic,LM-TAD,1024,0.8401163043478261,0.5314908924712153,0.5054347826086957,0.5054347826086957,0.5054347826086957,859.6641097511165
Synthetic,LM-TAD,2048,0.8599615942028985,0.5589655874175781,0.5217391304347826,0.5217391304347826,0.5217391304347826,772.1105397739448
Synthetic,LM-TAD,3072,0.8572710144927537,0.560053434573053,0.5072463768115942,0.5072463768115942,0.5072463768115942,763.1650737030432
Synthetic,LM-TAD,4096,0.8570581521739131,0.5710330724965144,0.532608695652174,0.532608695652174,0.532608695652174,889.8054898260161
Synthetic,LM-TAD,5120,0.8522778985507246,0.5590618638245425,0.519927536231884,0.519927536231884,0.519927536231884,803.1852880050428
Synthetic,LM-TAD,6144,0.8525221014492753,0.5711699039623214,0.5181159420289855,0.5181159420289855,0.5181159420289855,767.5399548388086
Synthetic,MST-OATD,42,0.8477521739130436,0.5451251191596445,0.5362318840579711,0.5362318840579711,0.5362318840579711,35.34606800787151
Synthetic,MST-OATD,123,0.8512619565217392,0.5259502623668597,0.5144927536231884,0.5144927536231884,0.5144927536231884,35.318585771135986
Synthetic,MST-OATD,456,0.8362842391304348,0.5173545222422008,0.5144927536231884,0.5144927536231884,0.5144927536231884,35.98091440927237
Synthetic,MST-OATD,789,0.827480072463768,0.48980754379013036,0.4673913043478261,0.4673913043478261,0.4673913043478261,35.362936324905604
Synthetic,MST-OATD,1024,0.8347278985507247,0.4739378795779766,0.483695652173913,0.483695652173913,0.483695652173913,35.25790795404464
Synthetic,MST-OATD,2048,0.8541865942028984,0.48340669664757535,0.4927536231884058,0.4927536231884058,0.4927536231884058,34.729735914152116
Synthetic,MST-OATD,3072,0.853820652173913,0.5042790767610208,0.5018115942028986,0.5018115942028986,0.5018115942028986,35.24570897500962
Synthetic,MST-OATD,4096,0.8322434782608696,0.49168906047083705,0.47644927536231885,0.47644927536231885,0.47644927536231885,35.09011842869222
Synthetic,MST-OATD,5120,0.8323471014492754,0.4957927705791981,0.4945652173913043,0.4945652173913043,0.4945652173913043,35.06772951502353
Synthetic,MST-OATD,6144,0.8548626811594202,0.5623422242583008,0.5416666666666666,0.5416666666666666,0.5416666666666666,34.58537631109357
Grid-Network,EWGB-TAD,42,0.9340960144927537,0.786651490696634,0.717391304347826,0.717391304347826,0.717391304347826,5.581940399992163
Grid-Network,EWGB-TAD,123,0.8860699275362318,0.7012784014559612,0.6521739130434783,0.6521739130434783,0.6521739130434783,5.707015000007232
Grid-Network,EWGB-TAD,456,0.9271152173913043,0.7650536788733752,0.6920289855072463,0.6920289855072463,0.6920289855072463,5.337804299997515
Grid-Network,EWGB-TAD,789,0.9366152173913043,0.7376858846731912,0.6376811594202898,0.6376811594202898,0.6376811594202898,5.824384599996847
Grid-Network,EWGB-TAD,1024,0.9145909420289855,0.728686154175496,0.644927536231884,0.644927536231884,0.644927536231884,5.865609000000404
Grid-Network,EWGB-TAD,2048,0.9128181159420289,0.728622725354398,0.6684782608695652,0.6684782608695652,0.6684782608695652,7.958148700010497
Grid-Network,EWGB-TAD,3072,0.9128003623188404,0.7457728090614217,0.6503623188405797,0.6503623188405797,0.6503623188405797,7.062451999998302
Grid-Network,EWGB-TAD,4096,0.9341836956521741,0.777661123687799,0.717391304347826,0.717391304347826,0.717391304347826,6.2613535999989836
Grid-Network,EWGB-TAD,5120,0.9323518115942028,0.768589324634674,0.6739130434782609,0.6739130434782609,0.6739130434782609,6.831100900002639
Grid-Network,EWGB-TAD,6144,0.9279050724637681,0.7823957499299983,0.677536231884058,0.677536231884058,0.677536231884058,6.968147499996121
Grid-Network,IForest,42,0.8609050724637681,0.6756457338591092,0.5778985507246377,0.5778985507246377,0.5778985507246377,1.086484698113054
Grid-Network,IForest,123,0.8342210144927535,0.6756034289766374,0.5960144927536232,0.5960144927536232,0.5960144927536232,0.8039353950880468
Grid-Network,IForest,456,0.8633072463768117,0.6701084055816192,0.5670289855072463,0.5670289855072463,0.5670289855072463,0.8266444951295853
Grid-Network,IForest,789,0.8815923913043477,0.7024007354214542,0.6159420289855072,0.6159420289855072,0.6159420289855072,0.8219760088250041
Grid-Network,IForest,1024,0.8460742753623189,0.6614605852227475,0.5978260869565217,0.5978260869565217,0.5978260869565217,0.8150433851405978
Grid-Network,IForest,2048,0.8312221014492753,0.6677200553993037,0.5797101449275363,0.5797101449275363,0.5797101449275363,0.6390168373472989
Grid-Network,IForest,3072,0.8535347826086956,0.6828661588015472,0.5978260869565217,0.5978260869565217,0.5978260869565217,1.059998129028827
Grid-Network,IForest,4096,0.8390224637681158,0.6601878890553612,0.5670289855072463,0.5670289855072463,0.5670289855072463,0.7046361682005227
Grid-Network,IForest,5120,0.8542985507246378,0.6728644845413525,0.5760869565217391,0.5760869565217391,0.5760869565217391,1.0252678832039237
Grid-Network,IForest,6144,0.8367376811594203,0.6614994092020409,0.5742753623188406,0.5742753623188406,0.5742753623188406,0.8884278871119022
Grid-Network,ECOD,42,0.7804351449275363,0.41639483040427283,0.4673913043478261,0.4673913043478261,0.4673913043478261,0.15897814789786935
Grid-Network,ECOD,123,0.7659376811594203,0.41783602428949657,0.47101449275362317,0.47101449275362317,0.47101449275362317,0.12056213803589344
Grid-Network,ECOD,456,0.7620945652173914,0.3918655319762081,0.44565217391304346,0.44565217391304346,0.44565217391304346,0.17810274427756667
Grid-Network,ECOD,789,0.8035673913043477,0.4777281728978822,0.5036231884057971,0.5036231884057971,0.5036231884057971,0.10774251399561763
Grid-Network,ECOD,1024,0.7613304347826088,0.40929955273366636,0.45471014492753625,0.45471014492753625,0.45471014492753625,0.12723201559856534
Grid-Network,ECOD,2048,0.7691184782608697,0.36604015265764756,0.47282608695652173,0.47282608695652173,0.47282608695652173,0.1074832477606833
Grid-Network,ECOD,3072,0.7389800724637682,0.36085180987014426,0.4420289855072464,0.4420289855072464,0.4420289855072464,0.17965422198176384
Grid-Network,ECOD,4096,0.7574307971014493,0.3311506858602625,0.4420289855072464,0.4420289855072464,0.4420289855072464,0.12894170498475432
Grid-Network,ECOD,5120,0.7571880434782609,0.39555670468305154,0.4692028985507246,0.4692028985507246,0.4692028985507246,0.09775495296344161
Grid-Network,ECOD,6144,0.7735061594202898,0.3620063103235722,0.4583333333333333,0.4583333333333333,0.4583333333333333,0.11820293264463544
Grid-Network,iBoost-ODE,42,0.8460980072463768,0.6452425700794104,0.572463768115942,0.572463768115942,0.572463768115942,4.085540615953505
Grid-Network,iBoost-ODE,123,0.8056543478260869,0.6294982341394557,0.5652173913043478,0.5652173913043478,0.5652173913043478,2.8762746918946505
Grid-Network,iBoost-ODE,456,0.8296161231884058,0.5643184177218467,0.5416666666666666,0.5416666666666666,0.5416666666666666,2.846249822061509
Grid-Network,iBoost-ODE,789,0.8575507246376812,0.6601208249079877,0.5778985507246377,0.5778985507246377,0.5778985507246377,2.8238305561244488
Grid-Network,iBoost-ODE,1024,0.8275275362318839,0.6476431137718934,0.5760869565217391,0.5760869565217391,0.5760869565217391,3.088609913829714
Grid-Network,iBoost-ODE,2048,0.8273985507246377,0.6251521433624537,0.572463768115942,0.572463768115942,0.572463768115942,2.5822004228830338
Grid-Network,iBoost-ODE,3072,0.8061652173913043,0.6311941729182533,0.5742753623188406,0.5742753623188406,0.5742753623188406,2.366652963217348
Grid-Network,iBoost-ODE,4096,0.8107918478260869,0.6001622303647897,0.5362318840579711,0.5362318840579711,0.5362318840579711,3.972702892962843
Grid-Network,iBoost-ODE,5120,0.8164054347826086,0.6532808318177943,0.5833333333333334,0.5833333333333334,0.5833333333333334,3.1579369585961103
Grid-Network,iBoost-ODE,6144,0.8246920289855073,0.6133011639676825,0.5489130434782609,0.5489130434782609,0.5489130434782609,2.4786605979315937
Grid-Network,CoMadOut,42,0.8878144927536231,0.7571225999331762,0.7010869565217391,0.7010869565217391,0.7010869565217391,0.30501166405156255
Grid-Network,CoMadOut,123,0.8823811594202899,0.7369370070145256,0.6340579710144928,0.6340579710144928,0.6340579710144928,0.23777245078235865
Grid-Network,CoMadOut,456,0.8619016304347826,0.6038300989332867,0.5344202898550725,0.5344202898550725,0.5344202898550725,0.28450089879333973
Grid-Network,CoMadOut,789,0.9181858695652174,0.7492461163894948,0.6521739130434783,0.6521739130434783,0.6521739130434783,0.18775751488283277
Grid-Network,CoMadOut,1024,0.8908184782608696,0.7472138348517426,0.6648550724637681,0.6648550724637681,0.6648550724637681,0.2251319861970842
Grid-Network,CoMadOut,2048,0.8813748188405797,0.7405348294981041,0.6630434782608695,0.6630434782608695,0.6630434782608695,0.28369439765810966
Grid-Network,CoMadOut,3072,0.8935322463768116,0.7620499475401917,0.6829710144927537,0.6829710144927537,0.6829710144927537,0.26134165097028017
Grid-Network,CoMadOut,4096,0.8870465579710146,0.7698245645278022,0.7028985507246377,0.7028985507246377,0.7028985507246377,0.22409837413579226
Grid-Network,CoMadOut,5120,0.9099722826086958,0.757945188592466,0.6612318840579711,0.6612318840579711,0.6612318840579711,0.20267272973433137
Grid-Network,CoMadOut,6144,0.9034172101449276,0.7838095865944031,0.7010869565217391,0.7010869565217391,0.7010869565217391,0.16708858497440815
Grid-Network,Shape-KNN,42,0.9610061594202898,0.9161116423949596,0.8641304347826086,0.8641304347826086,0.8641304347826086,36.21809389209375
Grid-Network,Shape-KNN,123,0.963276811594203,0.9059706648680832,0.8369565217391305,0.8369565217391305,0.8369565217391305,44.995414797682315
Grid-Network,Shape-KNN,456,0.9573782608695652,0.9144962170756058,0.8568840579710145,0.8568840579710145,0.8568840579710145,34.97899530362338
Grid-Network,Shape-KNN,789,0.9705496376811595,0.9393434901584256,0.8967391304347826,0.8967391304347826,0.8967391304347826,14.317756267730147
Grid-Network,Shape-KNN,1024,0.958423188405797,0.9119063591206192,0.8568840579710145,0.8568840579710145,0.8568840579710145,23.345898542087525
Grid-Network,Shape-KNN,2048,0.9622826086956522,0.9171709326913672,0.8731884057971014,0.8731884057971014,0.8731884057971014,26.786062660627067
Grid-Network,Shape-KNN,3072,0.9641083333333335,0.9226439289526196,0.8659420289855072,0.8659420289855072,0.8659420289855072,17.53374911285937
Grid-Network,Shape-KNN,4096,0.9601731884057971,0.9235316481458156,0.8731884057971014,0.8731884057971014,0.8731884057971014,26.63171163899824
Grid-Network,Shape-KNN,5120,0.9653086956521739,0.9249924723469375,0.8731884057971014,0.8731884057971014,0.8731884057971014,13.587096901144832
Grid-Network,Shape-KNN,6144,0.9499655797101448,0.9019277866450109,0.8568840579710145,0.8568840579710145,0.8568840579710145,42.18537644762546
Grid-Network,SegmentOD,42,0.9315083333333334,0.8603707511510632,0.7916666666666666,0.7916666666666666,0.7916666666666666,0.6145713021978736
Grid-Network,SegmentOD,123,0.932876268115942,0.8540694699159727,0.7898550724637681,0.7898550724637681,0.7898550724637681,0.8730840771459043
Grid-Network,SegmentOD,456,0.9337170289855072,0.8566369336043652,0.7844202898550725,0.7844202898550725,0.7844202898550725,0.8589217071421444
Grid-Network,SegmentOD,789,0.943116304347826,0.8795932675262466,0.8134057971014492,0.8134057971014492,0.8134057971014492,0.8693108470179141
Grid-Network,SegmentOD,1024,0.9231242753623188,0.8425444981762379,0.769927536231884,0.769927536231884,0.769927536231884,0.7319721449166536
Grid-Network,SegmentOD,2048,0.9269557971014493,0.8545507139288506,0.7844202898550725,0.7844202898550725,0.7844202898550725,0.6490191887132823
Grid-Network,SegmentOD,3072,0.9317192028985507,0.8568583851085921,0.7807971014492754,0.7807971014492754,0.7807971014492754,0.5725566311739385
Grid-Network,SegmentOD,4096,0.9373168478260869,0.8692410352851913,0.8043478260869565,0.8043478260869565,0.8043478260869565,0.49596473993733525
Grid-Network,SegmentOD,5120,0.9305432971014493,0.8608073112145248,0.7971014492753623,0.7971014492753623,0.7971014492753623,0.7051943452097476
Grid-Network,SegmentOD,6144,0.9208838768115941,0.8443817170522984,0.7807971014492754,0.7807971014492754,0.7807971014492754,0.8710741060785949
Grid-Network,TADS,42,0.8189659420289855,0.5457000773107767,0.5579710144927537,0.5579710144927537,0.5579710144927537,5.9563873102888465
Grid-Network,TADS,123,0.825890579710145,0.6001675311073679,0.5471014492753623,0.5471014492753623,0.5471014492753623,4.238607167266309
Grid-Network,TADS,456,0.8119068840579711,0.6031825335164778,0.5706521739130435,0.5706521739130435,0.5706521739130435,5.037599740084261
Grid-Network,TADS,789,0.8342170289855071,0.649656723988572,0.5652173913043478,0.5652173913043478,0.5652173913043478,4.804442383814603
Grid-Network,TADS,1024,0.8454449275362318,0.6422165808117395,0.5833333333333334,0.5833333333333334,0.5833333333333334,5.305236374028027
Grid-Network,TADS,2048,0.7948985507246376,0.5796073730269901,0.5271739130434783,0.5271739130434783,0.5271739130434783,4.5726436991244555
Grid-Network,TADS,3072,0.8215210144927536,0.6386109675680686,0.5652173913043478,0.5652173913043478,0.5652173913043478,4.147260576952249
Grid-Network,TADS,4096,0.8090771739130436,0.596495643025193,0.519927536231884,0.519927536231884,0.519927536231884,5.178628433961421
Grid-Network,TADS,5120,0.8066452898550726,0.5645289622011873,0.5018115942028986,0.5018115942028986,0.5018115942028986,4.1556438729166985
Grid-Network,TADS,6144,0.8059499999999999,0.5566815524732133,0.5181159420289855,0.5181159420289855,0.5181159420289855,4.458520913030952
Grid-Network,Profile-TAD,42,0.8082583333333333,0.219299261577762,0.10869565217391304,0.10869565217391304,0.10869565217391304,2.48350315913558
Grid-Network,Profile-TAD,123,0.8042514492753623,0.20623071546674557,0.1286231884057971,0.1286231884057971,0.1286231884057971,1.585246419068426
Grid-Network,Profile-TAD,456,0.7727039855072464,0.19133539586460013,0.1068840579710145,0.1068840579710145,0.1068840579710145,2.475087643135339
Grid-Network,Profile-TAD,789,0.8338742753623187,0.2640632146517814,0.13768115942028986,0.13768115942028986,0.13768115942028986,1.7388873849995434
Grid-Network,Profile-TAD,1024,0.8209789855072465,0.2397346723468063,0.14855072463768115,0.14855072463768115,0.14855072463768115,1.716104760300368
Grid-Network,Profile-TAD,2048,0.8003021739130435,0.21440896786939762,0.1068840579710145,0.1068840579710145,0.1068840579710145,2.1122102201916277
Grid-Network,Profile-TAD,3072,0.7500985507246377,0.1731176930041835,0.10144927536231885,0.10144927536231885,0.10144927536231885,2.2992300409823656
Grid-Network,Profile-TAD,4096,0.7935605072463767,0.2169558700172628,0.07971014492753623,0.07971014492753623,0.07971014492753623,2.164761846885085
Grid-Network,Profile-TAD,5120,0.7732155797101449,0.2042565316446012,0.1213768115942029,0.1213768115942029,0.1213768115942029,2.307658734731376
Grid-Network,Profile-TAD,6144,0.7590648550724638,0.18899191540556878,0.11594202898550725,0.11594202898550725,0.11594202898550725,2.3344986769370735
Grid-Network,LSTM-AE,42,0.8496724637681159,0.6507847422914411,0.5942028985507246,0.5942028985507246,0.5942028985507246,14.901368553750217
Grid-Network,LSTM-AE,123,0.7772083333333334,0.43803063241807855,0.4257246376811594,0.4257246376811594,0.4257246376811594,12.425952621269971
Grid-Network,LSTM-AE,456,0.8385293478260869,0.6230275561502725,0.5471014492753623,0.5471014492753623,0.5471014492753623,11.998386384919286
Grid-Network,LSTM-AE,789,0.7977561594202898,0.5512959752621142,0.5307971014492754,0.5307971014492754,0.5307971014492754,8.758292497135699
Grid-Network,LSTM-AE,1024,0.8392949275362319,0.5471582953403623,0.5452898550724637,0.5452898550724637,0.5452898550724637,18.494489938020706
Grid-Network,LSTM-AE,2048,0.8083253623188407,0.4828574316912772,0.42028985507246375,0.42028985507246375,0.42028985507246375,12.162527911830693
Grid-Network,LSTM-AE,3072,0.8250826086956522,0.59631255350999,0.5416666666666666,0.5416666666666666,0.5416666666666666,11.994333697948605
Grid-Network,LSTM-AE,4096,0.8483797101449275,0.6286701608547381,0.5797101449275363,0.5797101449275363,0.5797101449275363,13.68790425406769
Grid-Network,LSTM-AE,5120,0.8633844202898552,0.6676608621989357,0.5706521739130435,0.5706521739130435,0.5706521739130435,15.415630460716784
Grid-Network,LSTM-AE,6144,0.8305858695652175,0.6185953210979669,0.5507246376811594,0.5507246376811594,0.5507246376811594,12.940377270337194
Grid-Network,USAD,42,0.9632003623188407,0.8900255899194119,0.8260869565217391,0.8260869565217391,0.8260869565217391,31.832860651426017
Grid-Network,USAD,123,0.9591619565217391,0.8810660511621039,0.8097826086956522,0.8097826086956522,0.8097826086956522,31.747713605407625
Grid-Network,USAD,456,0.9641692028985507,0.8876613211360103,0.8188405797101449,0.8188405797101449,0.8188405797101449,32.152743857353926
Grid-Network,USAD,789,0.966084420289855,0.8940150525614387,0.8260869565217391,0.8260869565217391,0.8260869565217391,31.597684055101126
Grid-Network,USAD,1024,0.9602717391304347,0.868001667208821,0.7880434782608695,0.7880434782608695,0.7880434782608695,29.83541127713397
Grid-Network,USAD,2048,0.9621826086956523,0.8782905705111028,0.8061594202898551,0.8061594202898551,0.8061594202898551,30.27938750386238
Grid-Network,USAD,3072,0.9490996376811593,0.837491536400311,0.7735507246376812,0.7735507246376812,0.7735507246376812,28.96899181511253
Grid-Network,USAD,4096,0.9634902173913042,0.8681521611410006,0.7989130434782609,0.7989130434782609,0.7989130434782609,29.325210012029856
Grid-Network,USAD,5120,0.9526047101449276,0.8637930358410694,0.7952898550724637,0.7952898550724637,0.7952898550724637,30.638707648031414
Grid-Network,USAD,6144,0.9540467391304348,0.855779494893485,0.7862318840579711,0.7862318840579711,0.7862318840579711,31.64351741457358
Grid-Network,LM-TAD,42,0.7091567028985508,0.22583785142356017,0.21195652173913043,0.21195652173913043,0.21195652173913043,856.4590054261498
Grid-Network,LM-TAD,123,0.7217079710144927,0.2554581774265836,0.25,0.25,0.25,829.9280490870588
Grid-Network,LM-TAD,456,0.7313574275362318,0.28450620780618274,0.2898550724637681,0.2898550724637681,0.2898550724637681,758.282732241787
Grid-Network,LM-TAD,789,0.7326105072463768,0.2328748824025712,0.21014492753623187,0.21014492753623187,0.21014492753623187,761.8859179709107
Grid-Network,LM-TAD,1024,0.7887010869565217,0.31865813232542717,0.3061594202898551,0.3061594202898551,0.3061594202898551,810.5995144229382
Grid-Network,LM-TAD,2048,0.7132577898550724,0.23968936528345983,0.2463768115942029,0.2463768115942029,0.2463768115942029,798.7869936358184
Grid-Network,LM-TAD,3072,0.7291476449275363,0.25844642420896147,0.2572463768115942,0.2572463768115942,0.2572463768115942,777.9271573028527
Grid-Network,LM-TAD,4096,0.7279813405797102,0.26054170061013027,0.24456521739130435,0.24456521739130435,0.24456521739130435,671.6543399370275
Grid-Network,LM-TAD,5120,0.7314291666666668,0.23346373273580762,0.24094202898550723,0.24094202898550723,0.24094202898550723,827.0265655419789
Grid-Network,LM-TAD,6144,0.7449117753623189,0.25156734598926656,0.2572463768115942,0.2572463768115942,0.2572463768115942,874.4746319968253
Grid-Network,MST-OATD,42,0.8653347826086957,0.7064792543562042,0.6485507246376812,0.6485507246376812,0.6485507246376812,35.31759615102783
Grid-Network,MST-OATD,123,0.8603717391304347,0.649364466924905,0.5815217391304348,0.5815217391304348,0.5815217391304348,35.165816497057676
Grid-Network,MST-OATD,456,0.8570641304347826,0.6660195631710586,0.5960144927536232,0.5960144927536232,0.5960144927536232,36.02089507924393
Grid-Network,MST-OATD,789,0.8987284420289855,0.7566451104841719,0.677536231884058,0.677536231884058,0.677536231884058,34.653922006022185
Grid-Network,MST-OATD,1024,0.8900096014492754,0.7487747189124175,0.6793478260869565,0.6793478260869565,0.6793478260869565,35.03276612376794
Grid-Network,MST-OATD,2048,0.8302835144927536,0.6534644840787633,0.6032608695652174,0.6032608695652174,0.6032608695652174,34.953454456757754
Grid-Network,MST-OATD,3072,0.8649711956521738,0.6697662480460416,0.6268115942028986,0.6268115942028986,0.6268115942028986,34.85042270924896
Grid-Network,MST-OATD,4096,0.8876635869565218,0.7449625029612607,0.6684782608695652,0.6684782608695652,0.6684782608695652,35.48996995994821
Grid-Network,MST-OATD,5120,0.8748434782608696,0.70478107811679,0.644927536231884,0.644927536231884,0.644927536231884,35.02714975690469
Grid-Network,MST-OATD,6144,0.8700356884057971,0.7124385099424374,0.6467391304347826,0.6467391304347826,0.6467391304347826,34.100624999031425
Porto-derived,EWGB-TAD,42,0.9760891304347826,0.8798782588753034,0.8007246376811594,0.8007246376811594,0.8007246376811594,4.299912000002223
Porto-derived,EWGB-TAD,123,0.9739786231884059,0.8217528613683114,0.7626811594202898,0.7626811594202898,0.7626811594202898,6.752103399994667
Porto-derived,EWGB-TAD,456,0.9688112318840579,0.8509767550187399,0.7644927536231884,0.7644927536231884,0.7644927536231884,6.173141499995836
Porto-derived,EWGB-TAD,789,0.9583811594202898,0.7551748006009861,0.6684782608695652,0.6684782608695652,0.6684782608695652,6.047725500000524
Porto-derived,EWGB-TAD,1024,0.9622463768115942,0.7841514349370184,0.6920289855072463,0.6920289855072463,0.6920289855072463,5.352097700000741
Porto-derived,IForest,42,0.9561753623188405,0.8156539336413211,0.7463768115942029,0.7463768115942029,0.7463768115942029,1.240644589997828
Porto-derived,IForest,123,0.9506304347826088,0.7904395966250309,0.7137681159420289,0.7137681159420289,0.7137681159420289,0.7364556309767067
Porto-derived,IForest,456,0.9453699275362317,0.7513931420978517,0.6594202898550725,0.6594202898550725,0.6594202898550725,0.88684665504843
Porto-derived,IForest,789,0.929681884057971,0.7165255973029391,0.6521739130434783,0.6521739130434783,0.6521739130434783,1.0309856939129531
Porto-derived,IForest,1024,0.9250362318840579,0.7172407974630247,0.6340579710144928,0.6340579710144928,0.6340579710144928,1.0891337469220161
Porto-derived,ECOD,42,0.8756829710144927,0.4421231723206924,0.4963768115942029,0.4963768115942029,0.4963768115942029,0.12773768696933985
Porto-derived,ECOD,123,0.8787166666666666,0.4249507554021001,0.48188405797101447,0.48188405797101447,0.48188405797101447,0.1741388589143753
Porto-derived,ECOD,456,0.8626010869565219,0.41526320953444257,0.4166666666666667,0.4166666666666667,0.4166666666666667,0.1154161817394197
Porto-derived,ECOD,789,0.839538768115942,0.37446882421730593,0.427536231884058,0.427536231884058,0.427536231884058,0.14981262385845184
Porto-derived,ECOD,1024,0.8404307971014493,0.43745892968693795,0.45652173913043476,0.45652173913043476,0.45652173913043476,0.1427417602390051
Porto-derived,iBoost-ODE,42,0.9259751811594203,0.6862180527294008,0.6413043478260869,0.6413043478260869,0.6413043478260869,2.486427617724985
Porto-derived,iBoost-ODE,123,0.9309766304347825,0.6853291969099532,0.6304347826086957,0.6304347826086957,0.6304347826086957,2.6636381722055376
Porto-derived,iBoost-ODE,456,0.9133791666666666,0.5916400027481902,0.5271739130434783,0.5271739130434783,0.5271739130434783,2.9071063636802137
Porto-derived,iBoost-ODE,789,0.9064568840579709,0.6232513714276333,0.5942028985507246,0.5942028985507246,0.5942028985507246,3.662690734025091
Porto-derived,iBoost-ODE,1024,0.9088851449275364,0.6884650172966587,0.6268115942028986,0.6268115942028986,0.6268115942028986,3.2594166700728238
Porto-derived,CoMadOut,42,0.8816032608695652,0.77648706345082,0.7409420289855072,0.7409420289855072,0.7409420289855072,0.3509344970807433
Porto-derived,CoMadOut,123,0.9599664855072464,0.7855899238753957,0.6684782608695652,0.6684782608695652,0.6684782608695652,0.3122169259004295
Porto-derived,CoMadOut,456,0.9430702898550725,0.7891563540600237,0.6630434782608695,0.6630434782608695,0.6630434782608695,0.46180851804092526
Porto-derived,CoMadOut,789,0.552804347826087,0.11853773643025986,0.09601449275362318,0.09601449275362318,0.09601449275362318,0.22673890506848693
Porto-derived,CoMadOut,1024,0.8957643115942029,0.7148038257083785,0.6684782608695652,0.6684782608695652,0.6684782608695652,0.2499274597503245
Porto-derived,Shape-KNN,42,0.5908300724637681,0.12932910121682212,0.14855072463768115,0.14855072463768115,0.14855072463768115,14.589389672968537
Porto-derived,Shape-KNN,123,0.6157182971014493,0.13870564850797829,0.161231884057971,0.161231884057971,0.161231884057971,42.23759347386658
Porto-derived,Shape-KNN,456,0.6008215579710144,0.13378070347056092,0.16847826086956522,0.16847826086956522,0.16847826086956522,16.914537334814668
Porto-derived,Shape-KNN,789,0.6123989130434784,0.14271364443812606,0.17391304347826086,0.17391304347826086,0.17391304347826086,36.476776777766645
Porto-derived,Shape-KNN,1024,0.6165213768115941,0.1370019719027429,0.16666666666666666,0.16666666666666666,0.16666666666666666,40.43022632505745
Porto-derived,SegmentOD,42,0.86615,0.6294349331775575,0.572463768115942,0.572463768115942,0.572463768115942,0.7797460556030273
Porto-derived,SegmentOD,123,0.8693597826086956,0.5858437787710258,0.5398550724637681,0.5398550724637681,0.5398550724637681,0.8952028448693454
Porto-derived,SegmentOD,456,0.8647132246376812,0.5946136225581017,0.5253623188405797,0.5253623188405797,0.5253623188405797,0.7404027003794909
Porto-derived,SegmentOD,789,0.8631949275362318,0.5635266300980776,0.5217391304347826,0.5217391304347826,0.5217391304347826,0.7515852013602853
Porto-derived,SegmentOD,1024,0.8654639492753624,0.5612527394348731,0.5108695652173914,0.5108695652173914,0.5108695652173914,0.6278342371806502
Porto-derived,TADS,42,0.8700474637681159,0.4568979836705125,0.5144927536231884,0.5144927536231884,0.5144927536231884,5.051277284044772
Porto-derived,TADS,123,0.8736942028985507,0.44480701430262787,0.4782608695652174,0.4782608695652174,0.4782608695652174,3.59637349518016
Porto-derived,TADS,456,0.8719460144927537,0.43094456943380083,0.46195652173913043,0.46195652173913043,0.46195652173913043,5.346145648974925
Porto-derived,TADS,789,0.8575974637681159,0.39722542640625347,0.44565217391304346,0.44565217391304346,0.44565217391304346,5.014025365933776
Porto-derived,TADS,1024,0.865908695652174,0.41750780533945153,0.4601449275362319,0.4601449275362319,0.4601449275362319,3.4493789402768016
Porto-derived,Profile-TAD,42,0.946788768115942,0.6368892909259873,0.6105072463768116,0.6105072463768116,0.6105072463768116,2.8171117547899485
Porto-derived,Profile-TAD,123,0.9431873188405797,0.6471675407325109,0.5887681159420289,0.5887681159420289,0.5887681159420289,1.630117631983012
Porto-derived,Profile-TAD,456,0.9573068840579709,0.7257935566883394,0.6286231884057971,0.6286231884057971,0.6286231884057971,2.401909471023828
Porto-derived,Profile-TAD,789,0.9458481884057971,0.6658950225349742,0.6086956521739131,0.6086956521739131,0.6086956521739131,2.350082214921713
Porto-derived,Profile-TAD,1024,0.9528782608695653,0.6404549954162515,0.657608695652174,0.657608695652174,0.657608695652174,2.5272476109676063
Porto-derived,LSTM-AE,42,0.8078713768115942,0.4957906487011503,0.5271739130434783,0.5271739130434783,0.5271739130434783,17.588595149107277
Porto-derived,LSTM-AE,123,0.7363829710144927,0.3584606903166125,0.41304347826086957,0.41304347826086957,0.41304347826086957,11.783797485753894
Porto-derived,LSTM-AE,456,0.7617213768115944,0.3378807379608172,0.3695652173913043,0.3695652173913043,0.3695652173913043,14.431253696791828
Porto-derived,LSTM-AE,789,0.7476974637681159,0.31039095736203026,0.33152173913043476,0.33152173913043476,0.33152173913043476,12.599547670222819
Porto-derived,LSTM-AE,1024,0.8088518115942028,0.41509902652912484,0.41847826086956524,0.41847826086956524,0.41847826086956524,20.578978078905493
Porto-derived,USAD,42,0.9662775362318841,0.6907465960087543,0.677536231884058,0.677536231884058,0.677536231884058,35.344801062718034
Porto-derived,USAD,123,0.9678518115942029,0.6923896383701378,0.7010869565217391,0.7010869565217391,0.7010869565217391,32.82310846820474
Porto-derived,USAD,456,0.9713731884057971,0.722047446314761,0.7119565217391305,0.7119565217391305,0.7119565217391305,32.853956318926066
Porto-derived,USAD,789,0.958993115942029,0.673174562140816,0.644927536231884,0.644927536231884,0.644927536231884,31.462311292998493
Porto-derived,USAD,1024,0.9689413043478261,0.7272733346307201,0.6811594202898551,0.6811594202898551,0.6811594202898551,30.75456996774301
Porto-derived,LM-TAD,42,0.594296195652174,0.1927121189038132,0.2554347826086957,0.2554347826086957,0.2554347826086957,818.1645298232324
Porto-derived,LM-TAD,123,0.6255634057971015,0.19670669297208315,0.2554347826086957,0.2554347826086957,0.2554347826086957,871.7166356211528
Porto-derived,LM-TAD,456,0.6167233695652173,0.18899545746101976,0.24456521739130435,0.24456521739130435,0.24456521739130435,854.0666502336971
Porto-derived,LM-TAD,789,0.6073324275362318,0.16859654056023848,0.2210144927536232,0.2210144927536232,0.2210144927536232,721.4244660399854
Porto-derived,LM-TAD,1024,0.6179032608695652,0.18327148900748944,0.24094202898550723,0.24094202898550723,0.24094202898550723,808.8260935521685
Porto-derived,MST-OATD,42,0.5828476449275362,0.17947725688517993,0.23731884057971014,0.23731884057971014,0.23731884057971014,35.74796397797763
Porto-derived,MST-OATD,123,0.6029054347826087,0.19474437027325003,0.2536231884057971,0.2536231884057971,0.2536231884057971,35.70596697926521
Porto-derived,MST-OATD,456,0.5921409420289855,0.17796919514913506,0.21195652173913043,0.21195652173913043,0.21195652173913043,35.91150150820613
Porto-derived,MST-OATD,789,0.6081146739130434,0.19729536491449073,0.2427536231884058,0.2427536231884058,0.2427536231884058,35.39219538960606
Porto-derived,MST-OATD,1024,0.6002228260869565,0.18301045649949194,0.24094202898550723,0.24094202898550723,0.24094202898550723,34.89011842897162
GeoLife,EWGB-TAD,42,0.812941767068273,0.4880881643881252,0.46686746987951805,0.46686746987951805,0.46686746987951805,3.655616599993664
GeoLife,EWGB-TAD,123,0.8453684738955825,0.5830074221368018,0.5421686746987951,0.5421686746987951,0.5421686746987951,3.954901200006134
GeoLife,EWGB-TAD,456,0.790785140562249,0.38547099306855587,0.3704819277108434,0.3704819277108434,0.3704819277108434,3.2631222999916645
GeoLife,EWGB-TAD,789,0.8330160642570281,0.5468639446550833,0.5180722891566265,0.5180722891566265,0.5180722891566265,4.2147685999952955
GeoLife,EWGB-TAD,1024,0.8479206827309236,0.5504640942450667,0.5150602409638554,0.5150602409638554,0.5150602409638554,3.788897899998119
GeoLife,IForest,42,0.7800220883534136,0.39103090477011687,0.37349397590361444,0.37349397590361444,0.37349397590361444,1.077946693636477
GeoLife,IForest,123,0.7469829317269077,0.3916180108915611,0.3674698795180723,0.3674698795180723,0.3674698795180723,1.0515069770626724
GeoLife,IForest,456,0.7573644578313252,0.35613554688164833,0.3433734939759036,0.3433734939759036,0.3433734939759036,0.6174715510569513
GeoLife,IForest,789,0.7687851405622489,0.38945996957292117,0.37349397590361444,0.37349397590361444,0.37349397590361444,0.6422429378144443
GeoLife,IForest,1024,0.7354076305220885,0.34415114073578884,0.34036144578313254,0.34036144578313254,0.34036144578313254,0.6154108298942447
GeoLife,ECOD,42,0.6959096385542167,0.2172600848862803,0.25301204819277107,0.25301204819277107,0.25301204819277107,0.13090198999270797
GeoLife,ECOD,123,0.6836696787148594,0.22915279167023128,0.28012048192771083,0.28012048192771083,0.28012048192771083,0.07794169383123517
GeoLife,ECOD,456,0.6800261044176706,0.19920600488772228,0.24096385542168675,0.24096385542168675,0.24096385542168675,0.07993783010169864
GeoLife,ECOD,789,0.7093242971887549,0.22659552077028283,0.286144578313253,0.286144578313253,0.286144578313253,0.1485978802666068
GeoLife,ECOD,1024,0.6693584337349398,0.20217175619412842,0.24096385542168675,0.24096385542168675,0.24096385542168675,0.1375314248725772
GeoLife,iBoost-ODE,42,0.7390025100401606,0.34379027797374534,0.3704819277108434,0.3704819277108434,0.3704819277108434,1.7138279951177537
GeoLife,iBoost-ODE,123,0.7120732931726907,0.33618223332395125,0.3433734939759036,0.3433734939759036,0.3433734939759036,2.420726922340691
GeoLife,iBoost-ODE,456,0.7076039156626506,0.28568959269691124,0.29819277108433734,0.29819277108433734,0.29819277108433734,1.9272329309023917
GeoLife,iBoost-ODE,789,0.7532464859437751,0.3639731793252963,0.3885542168674699,0.3885542168674699,0.3885542168674699,2.057771645952016
GeoLife,iBoost-ODE,1024,0.7095617469879517,0.31918757260146297,0.3313253012048193,0.3313253012048193,0.3313253012048193,3.0010648709721863
GeoLife,CoMadOut,42,0.6718970883534137,0.2389056774963069,0.32831325301204817,0.32831325301204817,0.32831325301204817,0.25679740495979786
GeoLife,CoMadOut,123,0.8134738955823293,0.35969307333616296,0.39156626506024095,0.39156626506024095,0.39156626506024095,0.21703429333865643
GeoLife,CoMadOut,456,0.8362314257028112,0.3836737226604519,0.463855421686747,0.463855421686747,0.463855421686747,0.2262650402262807
GeoLife,CoMadOut,789,0.8559899598393574,0.41479053415003686,0.48493975903614456,0.48493975903614456,0.48493975903614456,0.24713285500183702
GeoLife,CoMadOut,1024,0.8725798192771084,0.4063467722066848,0.4759036144578313,0.4759036144578313,0.4759036144578313,0.12448613718152046
GeoLife,Shape-KNN,42,0.6366897590361446,0.15859393658169427,0.1686746987951807,0.1686746987951807,0.1686746987951807,2.2543802550062537
GeoLife,Shape-KNN,123,0.6387670682730924,0.170631912042139,0.20481927710843373,0.20481927710843373,0.20481927710843373,2.5377205591648817
GeoLife,Shape-KNN,456,0.6126566265060241,0.15122375007233507,0.1746987951807229,0.1746987951807229,0.1746987951807229,1.8984440937638283
GeoLife,Shape-KNN,789,0.6368714859437752,0.16946713105632447,0.16265060240963855,0.16265060240963855,0.16265060240963855,1.8195891152136028
GeoLife,Shape-KNN,1024,0.6149427710843374,0.13974939576898365,0.1686746987951807,0.1686746987951807,0.1686746987951807,2.7577059189788997
GeoLife,SegmentOD,42,0.688296686746988,0.2419771997634467,0.286144578313253,0.286144578313253,0.286144578313253,0.36443640710785985
GeoLife,SegmentOD,123,0.6987680722891566,0.27952734680371255,0.286144578313253,0.286144578313253,0.286144578313253,0.5932615818455815
GeoLife,SegmentOD,456,0.699198795180723,0.24228704900317619,0.2620481927710843,0.2620481927710843,0.2620481927710843,0.3904604301787913
GeoLife,SegmentOD,789,0.7199221887550202,0.2778509484997983,0.3072289156626506,0.3072289156626506,0.3072289156626506,0.5874895709566772
GeoLife,SegmentOD,1024,0.6703172690763052,0.2505070430044826,0.25903614457831325,0.25903614457831325,0.25903614457831325,0.3618079209700227
GeoLife,TADS,42,0.7874357429718876,0.3306825465096992,0.35843373493975905,0.35843373493975905,0.35843373493975905,2.8351607508957386
GeoLife,TADS,123,0.7567198795180723,0.294359145261721,0.31626506024096385,0.31626506024096385,0.31626506024096385,3.2187612880952656
GeoLife,TADS,456,0.7646506024096386,0.272677485193882,0.3132530120481928,0.3132530120481928,0.3132530120481928,3.142491179984063
GeoLife,TADS,789,0.7891295180722893,0.3510333296303597,0.39457831325301207,0.39457831325301207,0.39457831325301207,3.3825833038426936
GeoLife,TADS,1024,0.7817299196787149,0.35411342950694835,0.4066265060240964,0.4066265060240964,0.4066265060240964,2.1494313166476786
GeoLife,Profile-TAD,42,0.8156285140562249,0.29160265632934834,0.33433734939759036,0.33433734939759036,0.33433734939759036,2.094381770119071
GeoLife,Profile-TAD,123,0.7790070281124498,0.26011358099023724,0.27710843373493976,0.27710843373493976,0.27710843373493976,1.4572915020398796
GeoLife,Profile-TAD,456,0.7713232931726908,0.24335574725153475,0.2921686746987952,0.2921686746987952,0.2921686746987952,1.1545879007317126
GeoLife,Profile-TAD,789,0.7807389558232932,0.2768854064788342,0.34036144578313254,0.34036144578313254,0.34036144578313254,1.182860794942826
GeoLife,Profile-TAD,1024,0.7928192771084337,0.2951706955829954,0.29819277108433734,0.29819277108433734,0.29819277108433734,1.339836056344211
GeoLife,LSTM-AE,42,0.6416696787148595,0.21751705494175108,0.25903614457831325,0.25903614457831325,0.25903614457831325,12.360458228271455
GeoLife,LSTM-AE,123,0.6649849397590362,0.2821937988350508,0.3192771084337349,0.3192771084337349,0.3192771084337349,13.623572053853422
GeoLife,LSTM-AE,456,0.6385602409638554,0.22658559800489364,0.27710843373493976,0.27710843373493976,0.27710843373493976,13.623808709904552
GeoLife,LSTM-AE,789,0.678429718875502,0.2523270016269763,0.3102409638554217,0.3102409638554217,0.3102409638554217,13.219146597199142
GeoLife,LSTM-AE,1024,0.6245532128514056,0.21718338605965487,0.2620481927710843,0.2620481927710843,0.2620481927710843,12.689391508698463
GeoLife,USAD,42,0.7915582329317269,0.31290218125317776,0.34036144578313254,0.34036144578313254,0.34036144578313254,19.358599356375635
GeoLife,USAD,123,0.7838965863453814,0.2951343336501549,0.3313253012048193,0.3313253012048193,0.3313253012048193,20.722215390764177
GeoLife,USAD,456,0.7928453815261045,0.2933724634827584,0.3102409638554217,0.3102409638554217,0.3102409638554217,20.371508345007896
GeoLife,USAD,789,0.797699799196787,0.31505130208401144,0.3313253012048193,0.3313253012048193,0.3313253012048193,20.750495896674693
GeoLife,USAD,1024,0.7826566265060242,0.2861440000116797,0.3192771084337349,0.3192771084337349,0.3192771084337349,20.329547484871
GeoLife,LM-TAD,42,0.6316470883534137,0.20318716877992474,0.25903614457831325,0.25903614457831325,0.25903614457831325,356.3286337191239
GeoLife,LM-TAD,123,0.6561912650602411,0.24267208180296568,0.31626506024096385,0.31626506024096385,0.31626506024096385,531.9531420348212
GeoLife,LM-TAD,456,0.6591340361445783,0.26207203366901405,0.3253012048192771,0.3253012048192771,0.3253012048192771,512.9854764030315
GeoLife,LM-TAD,789,0.6875240963855421,0.25121329818680876,0.3102409638554217,0.3102409638554217,0.3102409638554217,502.3612662400119
GeoLife,LM-TAD,1024,0.6190020080321285,0.18983190687863097,0.2680722891566265,0.2680722891566265,0.2680722891566265,453.4041101508774
GeoLife,MST-OATD,42,0.5981641566265061,0.24948638618704147,0.27710843373493976,0.27710843373493976,0.27710843373493976,26.117972558829933
GeoLife,MST-OATD,123,0.6211681726907631,0.2940442590936104,0.286144578313253,0.286144578313253,0.286144578313253,25.11852240981534
GeoLife,MST-OATD,456,0.6229849397590361,0.24401845238826714,0.2560240963855422,0.2560240963855422,0.2560240963855422,26.030013287905604
GeoLife,MST-OATD,789,0.657308734939759,0.3157940820312336,0.3373493975903614,0.3373493975903614,0.3373493975903614,25.24078448722139
GeoLife,MST-OATD,1024,0.5849472891566265,0.2521620777500281,0.28313253012048195,0.28313253012048195,0.28313253012048195,26.01151969563216
