dataset,seed,variant,tau,fusion_bins,AUC,AUPRC,F1,Precision,Recall,spatial_balls,kinematic_balls,shape_balls,spatial_view_weight,kinematic_view_weight,shape_view_weight,labels_consumed_during_fit
GeoLife,42,bins10,0.85,10,0.809582329317269,0.444175117262006,0.42168674698795183,0.42168674698795183,0.42168674698795183,87,1,7,0.2984662050750098,0.6418632019883243,0.059670592936665906,False
GeoLife,123,bins10,0.85,10,0.8125983935742972,0.4718268660211487,0.4307228915662651,0.4307228915662651,0.4307228915662651,91,96,1,0.3758651378716807,0.4054671321938294,0.21866772993448996,False
GeoLife,456,bins10,0.85,10,0.7825672690763051,0.3605326873477763,0.3463855421686747,0.3463855421686747,0.3463855421686747,1,99,4,0.45355115262091844,0.5061395736932288,0.0403092736858527,False
GeoLife,789,bins10,0.85,10,0.8317961847389559,0.513455222264378,0.4879518072289157,0.4879518072289157,0.4879518072289157,109,1,59,0.4558978636955495,0.48778829038657995,0.05631384591787056,False
GeoLife,1024,bins10,0.85,10,0.840402610441767,0.5078449499696328,0.49698795180722893,0.49698795180722893,0.49698795180722893,65,106,12,0.29105608779856096,0.6372033633299529,0.07174054887148615,False
Grid-Network,42,bins10,0.85,10,0.9314844202898551,0.7883110059632032,0.717391304347826,0.717391304347826,0.717391304347826,149,134,57,0.34712340076741327,0.6007138734920325,0.0521627257405542,False
Grid-Network,123,bins10,0.85,10,0.8832365942028986,0.6996874625128271,0.6521739130434783,0.6521739130434783,0.6521739130434783,156,171,53,0.36887811257426656,0.5946583020586071,0.03646358536712625,False
Grid-Network,456,bins10,0.85,10,0.9270485507246377,0.7786348080189976,0.7119565217391305,0.7119565217391305,0.7119565217391305,133,159,59,0.39460585779323176,0.5636293551540841,0.04176478705268407,False
Grid-Network,789,bins10,0.85,10,0.9355398550724637,0.741432528572172,0.6485507246376812,0.6485507246376812,0.6485507246376812,165,167,56,0.3679239332673171,0.5951796813122656,0.03689638542041716,False
Grid-Network,1024,bins10,0.85,10,0.9134572463768116,0.7297163838666048,0.6503623188405797,0.6503623188405797,0.6503623188405797,162,175,54,0.38549594500250195,0.5818882841729628,0.032615770824535296,False
Grid-Network,2048,bins10,0.85,10,0.9103550724637681,0.7287685004940941,0.6702898550724637,0.6702898550724637,0.6702898550724637,139,175,45,0.4067253124449914,0.5654646325369407,0.027810055018067863,False
Grid-Network,3072,bins10,0.85,10,0.9107978260869565,0.7455513796939642,0.6503623188405797,0.6503623188405797,0.6503623188405797,149,153,44,0.4122610250700838,0.5548958417389663,0.03284313319094988,False
Grid-Network,4096,bins10,0.85,10,0.9316673913043478,0.7764816012294844,0.7192028985507246,0.7192028985507246,0.7192028985507246,157,168,44,0.4153791375856273,0.5540000546441257,0.03062080777024695,False
Grid-Network,5120,bins10,0.85,10,0.9367554347826088,0.794062735151753,0.6992753623188406,0.6992753623188406,0.6992753623188406,163,167,62,0.3297204584857005,0.6066684172037338,0.06361112431056572,False
Grid-Network,6144,bins10,0.85,10,0.927594927536232,0.7923278763795832,0.6920289855072463,0.6920289855072463,0.6920289855072463,146,91,53,0.22570401748577448,0.7094901395464576,0.06480584296776802,False
Porto-derived,42,bins10,0.85,10,0.9690474637681159,0.8679698611783085,0.7916666666666666,0.7916666666666666,0.7916666666666666,1,154,57,0.30946974160353435,0.5172633243979468,0.1732669339985189,False
Porto-derived,123,bins10,0.85,10,0.9752702898550725,0.8329902025412669,0.7771739130434783,0.7771739130434783,0.7771739130434783,138,176,38,0.3465971286414778,0.5787825582323992,0.07462031312612291,False
Porto-derived,456,bins10,0.85,10,0.9585217391304347,0.8269652117426372,0.7409420289855072,0.7409420289855072,0.7409420289855072,1,159,68,0.09800320373839073,0.5469620416986398,0.35503475456296935,False
Porto-derived,789,bins10,0.85,10,0.9624007246376812,0.7859267764109049,0.6992753623188406,0.6992753623188406,0.6992753623188406,122,180,74,0.3103116884335878,0.5940720233276751,0.09561628823873701,False
Porto-derived,1024,bins10,0.85,10,0.9620119565217391,0.7859417965936744,0.6902173913043478,0.6902173913043478,0.6902173913043478,142,139,17,0.33082934126437197,0.6101053844797024,0.059065274255925615,False
Synthetic,42,bins10,0.85,10,0.8957536231884057,0.6735499963769076,0.7192028985507246,0.7192028985507246,0.7192028985507246,216,197,86,0.0434794492238237,0.7905525441749641,0.16596800660121205,False
Synthetic,123,bins10,0.85,10,0.9017735507246376,0.6986400373055057,0.6847826086956522,0.6847826086956522,0.6847826086956522,225,196,105,0.04680543520367686,0.8066363946312052,0.14655817016511793,False
Synthetic,456,bins10,0.85,10,0.8558471014492754,0.6025602974358868,0.5996376811594203,0.5996376811594203,0.5996376811594203,183,189,71,0.15889341380440805,0.7883724692409133,0.05273411695467868,False
Synthetic,789,bins10,0.85,10,0.8543467391304347,0.6062419275651834,0.5797101449275363,0.5797101449275363,0.5797101449275363,1,194,75,0.48760513651165277,0.48215944262837573,0.03023542085997154,False
Synthetic,1024,bins10,0.85,10,0.8440630434782609,0.5657665612631637,0.5561594202898551,0.5561594202898551,0.5561594202898551,1,188,86,0.5204733043367941,0.4481267954991989,0.03139990016400702,False
Synthetic,2048,bins10,0.85,10,0.9131742753623189,0.7425353635636224,0.7137681159420289,0.7137681159420289,0.7137681159420289,222,194,91,0.0440619555738859,0.8100281855585354,0.14590985886757862,False
Synthetic,3072,bins10,0.85,10,0.8674083333333333,0.5968160183020129,0.5778985507246377,0.5778985507246377,0.5778985507246377,1,196,85,0.4903047380404382,0.4825765718529027,0.02711869010665901,False
Synthetic,4096,bins10,0.85,10,0.873647463768116,0.6144458386332876,0.5869565217391305,0.5869565217391305,0.5869565217391305,1,194,98,0.5008087804855,0.4723242174054401,0.02686700210905981,False
Synthetic,5120,bins10,0.85,10,0.9125702898550725,0.7941576751190159,0.75,0.75,0.75,207,189,44,0.04070786506091565,0.7938648428119601,0.1654272921271241,False
Synthetic,6144,bins10,0.85,10,0.869529347826087,0.5756546633388152,0.572463768115942,0.572463768115942,0.572463768115942,222,190,79,0.1242182079971136,0.8173495840503575,0.058432207952528945,False
GeoLife,42,bins30,0.85,30,0.8123945783132531,0.4980939898699339,0.46987951807228917,0.46987951807228917,0.46987951807228917,87,1,7,0.2024617450218761,0.7591015021123557,0.0384367528657682,False
GeoLife,123,bins30,0.85,30,0.8516847389558232,0.6022270874822818,0.5572289156626506,0.5572289156626506,0.5572289156626506,91,96,1,0.15220341415567337,0.7686190212652744,0.07917756457905231,False
GeoLife,456,bins30,0.85,30,0.7941746987951808,0.39653294479916507,0.3825301204819277,0.3825301204819277,0.3825301204819277,1,99,4,0.40001251422352213,0.5763850526065674,0.023602433169910442,False
GeoLife,789,bins30,0.85,30,0.8324869477911647,0.557354835895752,0.5301204819277109,0.5301204819277109,0.5301204819277109,109,1,59,0.3608805840478058,0.6036838046806531,0.035435611271541156,False
GeoLife,1024,bins30,0.85,30,0.8507128514056224,0.5662504551024685,0.5240963855421686,0.5240963855421686,0.5240963855421686,65,106,12,0.12255079991118654,0.8331872101394858,0.044261989949327646,False
Grid-Network,42,bins30,0.85,30,0.9384420289855073,0.7951252494489864,0.7246376811594203,0.7246376811594203,0.7246376811594203,149,134,57,0.28109390177901294,0.6889580292593739,0.029948068961613228,False
Grid-Network,123,bins30,0.85,30,0.8893039855072463,0.705156811314928,0.6539855072463768,0.6539855072463768,0.6539855072463768,156,171,53,0.28637285592125344,0.6894660282300984,0.02416111584864815,False
Grid-Network,456,bins30,0.85,30,0.9300192028985508,0.7695216329574648,0.6956521739130435,0.6956521739130435,0.6956521739130435,133,159,59,0.36068654442431003,0.6165819251084738,0.02273153046721624,False
Grid-Network,789,bins30,0.85,30,0.9389681159420292,0.743222043412684,0.6394927536231884,0.6394927536231884,0.6394927536231884,165,167,56,0.33492262632035746,0.6430793529167881,0.021998020762854436,False
Grid-Network,1024,bins30,0.85,30,0.9169778985507245,0.7327628382457879,0.6485507246376812,0.6485507246376812,0.6485507246376812,162,175,54,0.3392284392723948,0.640708546396086,0.020063014331519143,False
Grid-Network,2048,bins30,0.85,30,0.915675,0.733133817873229,0.6721014492753623,0.6721014492753623,0.6721014492753623,139,175,45,0.36330976124736647,0.6184407389195985,0.018249499833035032,False
Grid-Network,3072,bins30,0.85,30,0.9150126811594205,0.7487301474157653,0.6539855072463768,0.6539855072463768,0.6539855072463768,149,153,44,0.3765719271477236,0.6032123909496384,0.02021568190263803,False
Grid-Network,4096,bins30,0.85,30,0.9366833333333333,0.7814741197163831,0.7228260869565217,0.7228260869565217,0.7228260869565217,157,168,44,0.3801200621570367,0.6006976859337361,0.01918225190922733,False
Grid-Network,5120,bins30,0.85,30,0.9343105072463768,0.770952347028653,0.6757246376811594,0.6757246376811594,0.6757246376811594,163,167,62,0.3308022649565471,0.6414462241507152,0.027751510892737852,False
Grid-Network,6144,bins30,0.85,30,0.9320329710144927,0.7969185680377074,0.7028985507246377,0.7028985507246377,0.7028985507246377,146,91,53,0.16787082570220316,0.7982261830488869,0.03390299124890983,False
Porto-derived,42,bins30,0.85,30,0.9769123188405797,0.8791273034237062,0.8043478260869565,0.8043478260869565,0.8043478260869565,1,154,57,0.19369092747869054,0.7364810543519533,0.06982801816935617,False
Porto-derived,123,bins30,0.85,30,0.9736952898550725,0.8203211378703279,0.7590579710144928,0.7590579710144928,0.7590579710144928,138,176,38,0.3596535548199655,0.6092408712643086,0.03110557391572595,False
Porto-derived,456,bins30,0.85,30,0.9730634057971015,0.8593395611113327,0.7807971014492754,0.7807971014492754,0.7807971014492754,1,159,68,0.060942809556218246,0.832340049714197,0.10671714072958483,False
Porto-derived,789,bins30,0.85,30,0.9564909420289854,0.7431417799340089,0.6612318840579711,0.6612318840579711,0.6612318840579711,122,180,74,0.3715473579872192,0.5960052507660737,0.03244739124670715,False
Porto-derived,1024,bins30,0.85,30,0.9628778985507247,0.7867657051311853,0.6956521739130435,0.6956521739130435,0.6956521739130435,142,139,17,0.30560663105695357,0.6631074209872134,0.031285947955833004,False
Synthetic,42,bins30,0.85,30,0.894111231884058,0.6641441891384671,0.7137681159420289,0.7137681159420289,0.7137681159420289,216,197,86,0.03419526097166171,0.8082004226130266,0.15760431641531158,False
Synthetic,123,bins30,0.85,30,0.9018851449275361,0.7001087891935489,0.6920289855072463,0.6920289855072463,0.6920289855072463,225,196,105,0.036482591920958964,0.8144612451471915,0.14905616293184942,False
Synthetic,456,bins30,0.85,30,0.8506771739130434,0.5899693143291596,0.5887681159420289,0.5887681159420289,0.5887681159420289,183,189,71,0.15592916008330576,0.7982485130849202,0.045822326831774014,False
Synthetic,789,bins30,0.85,30,0.8398130434782608,0.570820625110094,0.552536231884058,0.552536231884058,0.552536231884058,1,194,75,0.4700841768151577,0.5098098165503199,0.020106006634522448,False
Synthetic,1024,bins30,0.85,30,0.8344695652173914,0.5436314002617678,0.5380434782608695,0.5380434782608695,0.5380434782608695,1,188,86,0.5737909667064083,0.4039875684993715,0.022221464794220224,False
Synthetic,2048,bins30,0.85,30,0.9123221014492755,0.7397039741056418,0.7119565217391305,0.7119565217391305,0.7119565217391305,222,194,91,0.035110343754341536,0.8208896361296877,0.14400002011597068,False
Synthetic,3072,bins30,0.85,30,0.8521166666666666,0.5584372257026163,0.5489130434782609,0.5489130434782609,0.5489130434782609,1,196,85,0.472693084590427,0.5093357985460997,0.017971116863473264,False
Synthetic,4096,bins30,0.85,30,0.8583427536231883,0.5713707857084058,0.5471014492753623,0.5471014492753623,0.5471014492753623,1,194,98,0.5150456472123064,0.46767917965954453,0.01727517312814917,False
Synthetic,5120,bins30,0.85,30,0.909004347826087,0.7785408947230291,0.7318840579710145,0.7318840579710145,0.7318840579710145,207,189,44,0.02816039840803527,0.8321519599783247,0.13968764161363997,False
Synthetic,6144,bins30,0.85,30,0.867370652173913,0.5732845104379038,0.5634057971014492,0.5634057971014492,0.5634057971014492,222,190,79,0.1494801835878445,0.7968203833202195,0.053699433091936,False
GeoLife,42,bins40,0.85,40,0.8126857429718874,0.4996496323804213,0.47289156626506024,0.47289156626506024,0.47289156626506024,87,1,7,0.2026809603404576,0.7617713168505459,0.03554772280899642,False
GeoLife,123,bins40,0.85,40,0.8567238955823293,0.6178225374878114,0.5692771084337349,0.5692771084337349,0.5692771084337349,91,96,1,0.09996637932329512,0.834973493662697,0.06506012701400794,False
GeoLife,456,bins40,0.85,40,0.8017550200803213,0.4173139521450987,0.39156626506024095,0.39156626506024095,0.39156626506024095,1,99,4,0.3626228229696408,0.615012441014131,0.022364736016228248,False
GeoLife,789,bins40,0.85,40,0.8318263052208835,0.5668893142804762,0.536144578313253,0.536144578313253,0.536144578313253,109,1,59,0.33721750813110585,0.6293737891323038,0.03340870273659043,False
GeoLife,1024,bins40,0.85,40,0.8522208835341365,0.5713776738982582,0.5271084337349398,0.5271084337349398,0.5271084337349398,65,106,12,0.11106874879878083,0.8490206406990781,0.039910610502141,False
Grid-Network,42,bins40,0.85,40,0.9422728260869564,0.8033287222902759,0.7318840579710145,0.7318840579710145,0.7318840579710145,149,134,57,0.24813882254954828,0.7239278085786841,0.027933368871767554,False
Grid-Network,123,bins40,0.85,40,0.8922380434782609,0.7094831696179246,0.657608695652174,0.657608695652174,0.657608695652174,156,171,53,0.2581219620722179,0.7194899098033597,0.02238812812442254,False
Grid-Network,456,bins40,0.85,40,0.9324847826086956,0.7750199345963545,0.7047101449275363,0.7047101449275363,0.7047101449275363,133,159,59,0.33434960989314566,0.6442566796734357,0.02139371043341865,False
Grid-Network,789,bins40,0.85,40,0.9411137681159419,0.7491169827576158,0.6394927536231884,0.6394927536231884,0.6394927536231884,165,167,56,0.308603579946285,0.6706206628478909,0.02077575720582422,False
Grid-Network,1024,bins40,0.85,40,0.9189550724637682,0.7362958688771872,0.6521739130434783,0.6521739130434783,0.6521739130434783,162,175,54,0.3135940199074906,0.6673574344660804,0.019048545626429027,False
Grid-Network,2048,bins40,0.85,40,0.917315579710145,0.7357947970595412,0.6757246376811594,0.6757246376811594,0.6757246376811594,139,175,45,0.34537344565738876,0.6373607680267733,0.01726578631583784,False
Grid-Network,3072,bins40,0.85,40,0.9177677536231884,0.7532142105130742,0.657608695652174,0.657608695652174,0.657608695652174,149,153,44,0.34950014313341043,0.6312219721787823,0.01927788468780738,False
Grid-Network,4096,bins40,0.85,40,0.9387576086956522,0.7854348139121408,0.7228260869565217,0.7228260869565217,0.7228260869565217,157,168,44,0.3553956970288541,0.6263141398033301,0.018290163167815926,False
Grid-Network,5120,bins40,0.85,40,0.936243115942029,0.7744787215584427,0.6793478260869565,0.6793478260869565,0.6793478260869565,163,167,62,0.30696057742423694,0.6676710836697538,0.02536833890600933,False
Grid-Network,6144,bins40,0.85,40,0.9344677536231886,0.8060045861596423,0.7155797101449275,0.7155797101449275,0.7155797101449275,146,91,53,0.1435777869901794,0.8251747106814452,0.031247502328375285,False
Porto-derived,42,bins40,0.85,40,0.9756021739130436,0.8733472226947907,0.7989130434782609,0.7989130434782609,0.7989130434782609,1,154,57,0.2002127688981714,0.7456790102879791,0.05410822081384948,False
Porto-derived,123,bins40,0.85,40,0.9737778985507246,0.8212814547074225,0.7590579710144928,0.7590579710144928,0.7590579710144928,138,176,38,0.3467612596517545,0.6250230464370001,0.02821569391124539,False
Porto-derived,456,bins40,0.85,40,0.9726423913043479,0.8613411379374218,0.7844202898550725,0.7844202898550725,0.7844202898550725,1,159,68,0.04319140324645253,0.8047569243327308,0.15205167242081657,False
Porto-derived,789,bins40,0.85,40,0.9557695652173912,0.739450691574754,0.6557971014492754,0.6557971014492754,0.6557971014492754,122,180,74,0.3760314470288654,0.5960961109392844,0.027872442031850277,False
Porto-derived,1024,bins40,0.85,40,0.9633688405797102,0.7890899065029826,0.6956521739130435,0.6956521739130435,0.6956521739130435,142,139,17,0.29165271137467796,0.6800610134991539,0.02828627512616813,False
Synthetic,42,bins40,0.85,40,0.8942695652173913,0.6651774323083064,0.7155797101449275,0.7155797101449275,0.7155797101449275,216,197,86,0.03454039778820758,0.8068638968398946,0.1585957053718978,False
Synthetic,123,bins40,0.85,40,0.901627536231884,0.6985054892965835,0.6920289855072463,0.6920289855072463,0.6920289855072463,225,196,105,0.03653981602886163,0.8156882052215386,0.14777197874959966,False
Synthetic,456,bins40,0.85,40,0.8503467391304347,0.5886128832342693,0.5869565217391305,0.5869565217391305,0.5869565217391305,183,189,71,0.15269367816975127,0.8020899848223237,0.04521633700792501,False
Synthetic,789,bins40,0.85,40,0.8389739130434782,0.5691948636330937,0.5543478260869565,0.5543478260869565,0.5543478260869565,1,194,75,0.46139655567514115,0.519108021206923,0.01949542311793592,False
Synthetic,1024,bins40,0.85,40,0.8344239130434783,0.5436783735306769,0.5362318840579711,0.5362318840579711,0.5362318840579711,1,188,86,0.5777302388379523,0.40019632605916444,0.02207343510288323,False
Synthetic,2048,bins40,0.85,40,0.9126623188405797,0.7416351149681888,0.7137681159420289,0.7137681159420289,0.7137681159420289,222,194,91,0.035353977319388816,0.8188579511737315,0.14578807150687956,False
Synthetic,3072,bins40,0.85,40,0.8514079710144927,0.5564443294693434,0.5471014492753623,0.5471014492753623,0.5471014492753623,1,196,85,0.46336816711792617,0.5192165946516024,0.017415238230471416,False
Synthetic,4096,bins40,0.85,40,0.8568289855072464,0.5680207127973446,0.5434782608695652,0.5434782608695652,0.5434782608695652,1,194,98,0.5217767280120544,0.46170902800785657,0.01651424398008897,False
Synthetic,5120,bins40,0.85,40,0.9087300724637681,0.7773792025770928,0.7318840579710145,0.7318840579710145,0.7318840579710145,207,189,44,0.02761085758751253,0.834404885202668,0.13798425720981944,False
Synthetic,6144,bins40,0.85,40,0.8657623188405797,0.5687791093656893,0.5597826086956522,0.5597826086956522,0.5597826086956522,222,190,79,0.13939154213793484,0.8088459857855944,0.051762472076470785,False
GeoLife,42,tau0p70,0.7,20,0.8128112449799196,0.4879513637114209,0.46686746987951805,0.46686746987951805,0.46686746987951805,90,1,7,0.2248179074729747,0.7325077404318847,0.042674352095140616,False
GeoLife,123,tau0p70,0.7,20,0.8468684738955824,0.5850349091502115,0.5451807228915663,0.5451807228915663,0.5451807228915663,96,97,1,0.21272087063168185,0.6874124844916208,0.09986664487669739,False
GeoLife,456,tau0p70,0.7,20,0.7908744979919677,0.3860725999793256,0.3704819277108434,0.3704819277108434,0.3704819277108434,1,100,4,0.4147257957977502,0.5575469307159769,0.02772727348627278,False
GeoLife,789,tau0p70,0.7,20,0.833043172690763,0.5494609967141353,0.5210843373493976,0.5210843373493976,0.5210843373493976,113,1,60,0.382801538390338,0.5782239580414784,0.03897450356818361,False
GeoLife,1024,tau0p70,0.7,20,0.8479397590361445,0.5511742144662894,0.5150602409638554,0.5150602409638554,0.5150602409638554,65,107,12,0.17254468905651113,0.7757586756100021,0.051696635333486805,False
Grid-Network,42,tau0p70,0.7,20,0.9350630434782609,0.7883849819010048,0.7192028985507246,0.7192028985507246,0.7192028985507246,149,136,57,0.32187882497303716,0.6440150777291552,0.03410609729780751,False
Grid-Network,123,tau0p70,0.7,20,0.8859036231884058,0.7006423068865857,0.6485507246376812,0.6485507246376812,0.6485507246376812,157,174,53,0.3238938005840587,0.6484431104361018,0.027663088979839438,False
Grid-Network,456,tau0p70,0.7,20,0.9270344202898552,0.7646395815243904,0.6902173913043478,0.6902173913043478,0.6902173913043478,135,160,59,0.39372358301152866,0.5802606848147822,0.026015732173689073,False
Grid-Network,789,tau0p70,0.7,20,0.936643115942029,0.7379862066136803,0.6376811594202898,0.6376811594202898,0.6376811594202898,165,169,56,0.36546871961619365,0.6100822300373112,0.02444905034649513,False
Grid-Network,1024,tau0p70,0.7,20,0.9149481884057971,0.7329405807704535,0.6503623188405797,0.6503623188405797,0.6503623188405797,164,177,54,0.3739880047932792,0.6037407720549935,0.022271223151727297,False
Grid-Network,2048,tau0p70,0.7,20,0.9182920289855073,0.7411012550819,0.6721014492753623,0.6721014492753623,0.6721014492753623,141,177,45,0.4382129176988718,0.5431646065352054,0.01862247576592286,False
Grid-Network,3072,tau0p70,0.7,20,0.913519927536232,0.747896682590157,0.6539855072463768,0.6539855072463768,0.6539855072463768,150,155,44,0.40027124758374766,0.5770723376913045,0.022656414724947914,False
Grid-Network,4096,tau0p70,0.7,20,0.9343931159420289,0.7779981183169299,0.6992753623188406,0.6992753623188406,0.6992753623188406,159,169,44,0.4141666063451479,0.5643701962356786,0.02146319741917357,False
Grid-Network,5120,tau0p70,0.7,20,0.9323920289855072,0.7691301281169286,0.6739130434782609,0.6739130434782609,0.6739130434782609,165,168,62,0.36184483205317425,0.6051813819015989,0.03297378604522692,False
Grid-Network,6144,tau0p70,0.7,20,0.9281420289855072,0.7828458936339854,0.677536231884058,0.677536231884058,0.677536231884058,147,91,53,0.2185393765625523,0.7422886902001011,0.03917193323734665,False
Porto-derived,42,tau0p70,0.7,20,0.9756536231884058,0.877757650955046,0.7989130434782609,0.7989130434782609,0.7989130434782609,1,156,58,0.2177409703301338,0.6771872908520702,0.10507173881779594,False
Porto-derived,123,tau0p70,0.7,20,0.9738695652173914,0.8214075867250089,0.7572463768115942,0.7572463768115942,0.7572463768115942,140,178,38,0.3658575434310422,0.5954191634368464,0.038723293132111376,False
Porto-derived,456,tau0p70,0.7,20,0.9687641304347826,0.8503421803279713,0.7644927536231884,0.7644927536231884,0.7644927536231884,1,160,70,0.07085564056322914,0.7164104888772297,0.2127338705595411,False
Porto-derived,789,tau0p70,0.7,20,0.9587144927536232,0.7577242253543404,0.6702898550724637,0.6702898550724637,0.6702898550724637,124,182,76,0.34956749782395363,0.6053835868858467,0.045048915290199706,False
Porto-derived,1024,tau0p70,0.7,20,0.9630036231884058,0.7886503933850874,0.7047101449275363,0.7047101449275363,0.7047101449275363,146,139,18,0.33617481122402804,0.6286821812799056,0.03514300749606631,False
Synthetic,42,tau0p70,0.7,20,0.8957858695652174,0.6723796169070789,0.717391304347826,0.717391304347826,0.717391304347826,288,215,104,0.03426176748326021,0.808563908403019,0.15717432411372073,False
Synthetic,123,tau0p70,0.7,20,0.9027445652173914,0.7137938297453633,0.6992753623188406,0.6992753623188406,0.6992753623188406,286,218,125,0.03589491255048183,0.8100655281823022,0.154039559267216,False
Synthetic,456,tau0p70,0.7,20,0.8875007246376811,0.6700676752148954,0.6467391304347826,0.6467391304347826,0.6467391304347826,242,210,83,0.04766375011884916,0.8431540121666942,0.10918223771445655,False
Synthetic,789,tau0p70,0.7,20,0.8439257246376813,0.5782942232581196,0.5670289855072463,0.5670289855072463,0.5670289855072463,1,211,86,0.4851033770508875,0.49309654845309103,0.021800074496021456,False
Synthetic,1024,tau0p70,0.7,20,0.8342322463768117,0.5456670881020286,0.5380434782608695,0.5380434782608695,0.5380434782608695,1,208,99,0.5508044271167115,0.4256419717458477,0.023553601137440885,False
Synthetic,2048,tau0p70,0.7,20,0.9055329710144928,0.679832371932173,0.6485507246376812,0.6485507246376812,0.6485507246376812,288,216,106,0.04059165738085048,0.85734429718849,0.1020640454306594,False
Synthetic,3072,tau0p70,0.7,20,0.8562445652173912,0.5586547281959436,0.5471014492753623,0.5471014492753623,0.5471014492753623,1,224,101,0.48304470096630064,0.49546261264237895,0.02149268639132048,False
Synthetic,4096,tau0p70,0.7,20,0.8644134057971015,0.585113867642639,0.5597826086956522,0.5597826086956522,0.5597826086956522,1,210,114,0.511830991863539,0.4685475347137286,0.019621473422732467,False
Synthetic,5120,tau0p70,0.7,20,0.9079826086956522,0.7868690543150645,0.7427536231884058,0.7427536231884058,0.7427536231884058,280,211,46,0.029465230586322336,0.8037315484462826,0.166803220967395,False
Synthetic,6144,tau0p70,0.7,20,0.8705086956521738,0.5749983129120222,0.5634057971014492,0.5634057971014492,0.5634057971014492,297,219,95,0.19490990041539777,0.7543292426333785,0.05076085695122367,False
GeoLife,42,tau0p80,0.8,20,0.8128022088353414,0.48849657705974725,0.46686746987951805,0.46686746987951805,0.46686746987951805,88,1,7,0.22426658070222477,0.7330287162528883,0.042704703044886834,False
GeoLife,123,tau0p80,0.8,20,0.8453684738955825,0.5830074221368018,0.5421686746987951,0.5421686746987951,0.5421686746987951,91,96,1,0.20700955002493648,0.6923993219950626,0.10059112798000083,False
GeoLife,456,tau0p80,0.8,20,0.790785140562249,0.38547099306855587,0.3704819277108434,0.3704819277108434,0.3704819277108434,1,99,4,0.4147257957977502,0.5575469307159769,0.02772727348627278,False
GeoLife,789,tau0p80,0.8,20,0.8330160642570281,0.5468639446550833,0.5180722891566265,0.5180722891566265,0.5180722891566265,109,1,59,0.3879067301572861,0.5732811351202215,0.03881213472249239,False
GeoLife,1024,tau0p80,0.8,20,0.8479206827309236,0.5504640942450667,0.5150602409638554,0.5150602409638554,0.5150602409638554,65,106,12,0.17235599155031106,0.7760039093458578,0.05164009910383115,False
Grid-Network,42,tau0p80,0.8,20,0.9342355072463768,0.7871954629907921,0.7155797101449275,0.7155797101449275,0.7155797101449275,149,135,57,0.32187882497303716,0.6440150777291552,0.03410609729780751,False
Grid-Network,123,tau0p80,0.8,20,0.885933695652174,0.7009980741857812,0.6503623188405797,0.6503623188405797,0.6503623188405797,156,172,53,0.3239299792257478,0.6484084120544445,0.02766160871980769,False
Grid-Network,456,tau0p80,0.8,20,0.927297463768116,0.7657424782796952,0.6920289855072463,0.6920289855072463,0.6920289855072463,133,160,59,0.3948103688887602,0.5792205336565006,0.02596909745473918,False
Grid-Network,789,tau0p80,0.8,20,0.9366297101449277,0.7377757935898052,0.6376811594202898,0.6376811594202898,0.6376811594202898,165,168,56,0.36546871961619365,0.6100822300373112,0.02444905034649513,False
Grid-Network,1024,tau0p80,0.8,20,0.9146123188405797,0.7302688192041966,0.6467391304347826,0.6467391304347826,0.6467391304347826,163,176,54,0.37248193729350804,0.6051932591671271,0.0223248035393649,False
Grid-Network,2048,tau0p80,0.8,20,0.9128181159420289,0.728622725354398,0.6684782608695652,0.6684782608695652,0.6684782608695652,139,175,45,0.39670941492737605,0.5832923247810099,0.01999826029161404,False
Grid-Network,3072,tau0p80,0.8,20,0.9128394927536231,0.7458104325514368,0.6503623188405797,0.6503623188405797,0.6503623188405797,149,154,44,0.3991005503153259,0.5781988086278657,0.022700641056808555,False
Grid-Network,4096,tau0p80,0.8,20,0.9341898550724638,0.7777026535382396,0.717391304347826,0.717391304347826,0.717391304347826,157,169,44,0.40794797581243114,0.5703609945958934,0.021691029591675563,False
Grid-Network,5120,tau0p80,0.8,20,0.9323547101449274,0.7686272212016562,0.6739130434782609,0.6739130434782609,0.6739130434782609,163,168,62,0.3619921050355693,0.6050417185854036,0.032966176379027136,False
Grid-Network,6144,tau0p80,0.8,20,0.9279050724637681,0.7823957499299983,0.677536231884058,0.677536231884058,0.677536231884058,146,91,53,0.2166923015745961,0.7440431776718823,0.03926452075352159,False
Porto-derived,42,tau0p80,0.8,20,0.9757159420289855,0.8779444711901694,0.8007246376811594,0.8007246376811594,0.8007246376811594,1,155,58,0.21744802101472685,0.6776216039811344,0.10493037500413872,False
Porto-derived,123,tau0p80,0.8,20,0.9739402173913044,0.8207220106558748,0.7626811594202898,0.7626811594202898,0.7626811594202898,139,177,38,0.3668358479012887,0.5945005981787933,0.038663553919917985,False
Porto-derived,456,tau0p80,0.8,20,0.9687688405797101,0.8508625803133817,0.7644927536231884,0.7644927536231884,0.7644927536231884,1,159,69,0.0708170758577562,0.7177500029655475,0.21143292117669632,False
Porto-derived,789,tau0p80,0.8,20,0.9583923913043478,0.7551989137183451,0.6684782608695652,0.6684782608695652,0.6684782608695652,123,180,74,0.3489087834834398,0.6066640932967009,0.04442712321985932,False
Porto-derived,1024,tau0p80,0.8,20,0.9622992753623189,0.784473871831172,0.6956521739130435,0.6956521739130435,0.6956521739130435,143,139,17,0.3243311053411553,0.6399301189068445,0.0357387757520003,False
Synthetic,42,tau0p80,0.8,20,0.8938119565217392,0.6607650300148835,0.7137681159420289,0.7137681159420289,0.7137681159420289,234,203,94,0.03510011079534551,0.8185739310186269,0.1463259581860276,False
Synthetic,123,tau0p80,0.8,20,0.9014945652173912,0.6993739542657049,0.6884057971014492,0.6884057971014492,0.6884057971014492,239,202,106,0.03678111312490925,0.8173838668799918,0.1458350199950989,False
Synthetic,456,tau0p80,0.8,20,0.8804826086956522,0.648033928808185,0.6322463768115942,0.6322463768115942,0.6322463768115942,202,196,79,0.04912823867349298,0.8600102041748455,0.09086155715166155,False
Synthetic,789,tau0p80,0.8,20,0.8442630434782609,0.5793108473027899,0.5634057971014492,0.5634057971014492,0.5634057971014492,1,198,79,0.4814498399841119,0.49640637402548343,0.02214378599040467,False
Synthetic,1024,tau0p80,0.8,20,0.8332826086956522,0.546183278281218,0.5416666666666666,0.5416666666666666,0.5416666666666666,1,191,90,0.5517945550481206,0.4246994285820972,0.02350601636978217,False
Synthetic,2048,tau0p80,0.8,20,0.9136210144927536,0.7386997529224077,0.7083333333333334,0.7083333333333334,0.7083333333333334,236,198,96,0.03550734801249723,0.8220850189923143,0.14240763299518835,False
Synthetic,3072,tau0p80,0.8,20,0.8564510869565218,0.5632896209727489,0.5543478260869565,0.5543478260869565,0.5543478260869565,1,207,90,0.48463477821021944,0.49541219638024864,0.019953025409531918,False
Synthetic,4096,tau0p80,0.8,20,0.8634097826086956,0.5832904534848135,0.5615942028985508,0.5615942028985508,0.5615942028985508,1,196,104,0.51215466124473,0.4679799787681564,0.019865359987113626,False
Synthetic,5120,tau0p80,0.8,20,0.9080083333333333,0.7814639032636086,0.7336956521739131,0.7336956521739131,0.7336956521739131,220,194,45,0.030818948997445205,0.8189964383255952,0.15018461267695948,False
Synthetic,6144,tau0p80,0.8,20,0.8693427536231884,0.5765820246103353,0.5615942028985508,0.5615942028985508,0.5615942028985508,243,199,82,0.1450768628085583,0.7983393972974069,0.05658373989403483,False
GeoLife,42,tau0p85,0.85,20,0.812941767068273,0.4880881643881252,0.46686746987951805,0.46686746987951805,0.46686746987951805,87,1,7,0.22438494080031018,0.7329168719664404,0.04269818723324928,False
GeoLife,123,tau0p85,0.85,20,0.8453684738955825,0.5830074221368018,0.5421686746987951,0.5421686746987951,0.5421686746987951,91,96,1,0.20700955002493648,0.6923993219950626,0.10059112798000083,False
GeoLife,456,tau0p85,0.85,20,0.790785140562249,0.38547099306855587,0.3704819277108434,0.3704819277108434,0.3704819277108434,1,99,4,0.4147257957977502,0.5575469307159769,0.02772727348627278,False
GeoLife,789,tau0p85,0.85,20,0.8330160642570281,0.5468639446550833,0.5180722891566265,0.5180722891566265,0.5180722891566265,109,1,59,0.3879067301572861,0.5732811351202215,0.03881213472249239,False
GeoLife,1024,tau0p85,0.85,20,0.8479206827309236,0.5504640942450667,0.5150602409638554,0.5150602409638554,0.5150602409638554,65,106,12,0.17235599155031106,0.7760039093458578,0.05164009910383115,False
Grid-Network,42,tau0p85,0.85,20,0.9340960144927537,0.786651490696634,0.717391304347826,0.717391304347826,0.717391304347826,149,134,57,0.32187882497303716,0.6440150777291552,0.03410609729780751,False
Grid-Network,123,tau0p85,0.85,20,0.8860699275362318,0.7012784014559612,0.6521739130434783,0.6521739130434783,0.6521739130434783,156,171,53,0.3239299792257478,0.6484084120544445,0.02766160871980769,False
Grid-Network,456,tau0p85,0.85,20,0.9271152173913043,0.7650536788733752,0.6920289855072463,0.6920289855072463,0.6920289855072463,133,159,59,0.3948103688887602,0.5792205336565006,0.02596909745473918,False
Grid-Network,789,tau0p85,0.85,20,0.9366152173913043,0.7376858846731912,0.6376811594202898,0.6376811594202898,0.6376811594202898,165,167,56,0.36546871961619365,0.6100822300373112,0.02444905034649513,False
Grid-Network,1024,tau0p85,0.85,20,0.9145909420289855,0.728686154175496,0.644927536231884,0.644927536231884,0.644927536231884,162,175,54,0.3725115297859438,0.6051754303587203,0.02231303985533592,False
Grid-Network,2048,tau0p85,0.85,20,0.9128181159420289,0.728622725354398,0.6684782608695652,0.6684782608695652,0.6684782608695652,139,175,45,0.39670941492737605,0.5832923247810099,0.01999826029161404,False
Grid-Network,3072,tau0p85,0.85,20,0.9128003623188404,0.7457728090614217,0.6503623188405797,0.6503623188405797,0.6503623188405797,149,153,44,0.3991005503153259,0.5781988086278657,0.022700641056808555,False
Grid-Network,4096,tau0p85,0.85,20,0.9341836956521741,0.777661123687799,0.717391304347826,0.717391304347826,0.717391304347826,157,168,44,0.40794797581243114,0.5703609945958934,0.021691029591675563,False
Grid-Network,5120,tau0p85,0.85,20,0.9323518115942028,0.768589324634674,0.6739130434782609,0.6739130434782609,0.6739130434782609,163,167,62,0.3619921050355693,0.6050417185854036,0.032966176379027136,False
Grid-Network,6144,tau0p85,0.85,20,0.9279050724637681,0.7823957499299983,0.677536231884058,0.677536231884058,0.677536231884058,146,91,53,0.2166923015745961,0.7440431776718823,0.03926452075352159,False
Porto-derived,42,tau0p85,0.85,20,0.9760891304347826,0.8798782588753034,0.8007246376811594,0.8007246376811594,0.8007246376811594,1,154,57,0.21769093391908798,0.6766326922303252,0.10567637385058679,False
Porto-derived,123,tau0p85,0.85,20,0.9739786231884059,0.8217528613683114,0.7626811594202898,0.7626811594202898,0.7626811594202898,138,176,38,0.36501281695573334,0.5962902490655504,0.038696933978716284,False
Porto-derived,456,tau0p85,0.85,20,0.9688112318840579,0.8509767550187399,0.7644927536231884,0.7644927536231884,0.7644927536231884,1,159,68,0.07088692979461837,0.7184579912972131,0.2106550789081685,False
Porto-derived,789,tau0p85,0.85,20,0.9583811594202898,0.7551748006009861,0.6684782608695652,0.6684782608695652,0.6684782608695652,122,180,74,0.3489087834834398,0.6066640932967009,0.04442712321985932,False
Porto-derived,1024,tau0p85,0.85,20,0.9622463768115942,0.7841514349370184,0.6920289855072463,0.6920289855072463,0.6920289855072463,142,139,17,0.32428019296353383,0.6399783383292903,0.03574146870717583,False
Synthetic,42,tau0p85,0.85,20,0.8935126811594203,0.6605386944712135,0.7101449275362319,0.7101449275362319,0.7101449275362319,216,197,86,0.03510708602668298,0.8112792118086406,0.1536137021646764,False
Synthetic,123,tau0p85,0.85,20,0.9005036231884059,0.6923208651762234,0.6811594202898551,0.6811594202898551,0.6811594202898551,225,196,105,0.03731375291919035,0.8205500575235208,0.14213618955728877,False
Synthetic,456,tau0p85,0.85,20,0.85049384057971,0.5878899534559607,0.5851449275362319,0.5851449275362319,0.5851449275362319,183,189,71,0.14787097227872237,0.8070622533436599,0.04506677437761776,False
Synthetic,789,tau0p85,0.85,20,0.8430202898550725,0.5773276534639511,0.5597826086956522,0.5597826086956522,0.5597826086956522,1,194,75,0.4806800142795503,0.497111963508273,0.02220802221217673,False
Synthetic,1024,tau0p85,0.85,20,0.8352434782608696,0.5455404902461616,0.5416666666666666,0.5416666666666666,0.5416666666666666,1,188,86,0.5512050046575192,0.42534502671182306,0.02344996863065778,False
Synthetic,2048,tau0p85,0.85,20,0.9116307971014492,0.7354149765212715,0.7101449275362319,0.7101449275362319,0.7101449275362319,222,194,91,0.03590202783965003,0.8239282958505874,0.14016967630976257,False
Synthetic,3072,tau0p85,0.85,20,0.8556811594202899,0.5665792869524776,0.5561594202898551,0.5561594202898551,0.5561594202898551,1,196,85,0.48400260674731377,0.4959690379466069,0.02002835530607939,False
Synthetic,4096,tau0p85,0.85,20,0.8621880434782608,0.5813370564590956,0.5561594202898551,0.5561594202898551,0.5561594202898551,1,194,98,0.511571581370284,0.4690942579073402,0.019334160722375846,False
Synthetic,5120,tau0p85,0.85,20,0.910216304347826,0.7845748266759368,0.7318840579710145,0.7318840579710145,0.7318840579710145,207,189,44,0.03091423971869923,0.8209315118340977,0.14815424844720293,False
Synthetic,6144,tau0p85,0.85,20,0.8674065217391304,0.5729251377075967,0.5652173913043478,0.5652173913043478,0.5652173913043478,222,190,79,0.14558976445294258,0.8004695064617937,0.05394072908526378,False
GeoLife,42,tau0p90,0.9,20,0.8136295180722891,0.4886641452255748,0.46686746987951805,0.46686746987951805,0.46686746987951805,86,1,7,0.22408643234194042,0.7331989473116376,0.04271462034642185,False
GeoLife,123,tau0p90,0.9,20,0.8453684738955825,0.5830074221368018,0.5421686746987951,0.5421686746987951,0.5421686746987951,91,95,1,0.20700955002493648,0.6923993219950626,0.10059112798000083,False
GeoLife,456,tau0p90,0.9,20,0.790785140562249,0.38547099306855587,0.3704819277108434,0.3704819277108434,0.3704819277108434,1,99,4,0.4147257957977502,0.5575469307159769,0.02772727348627278,False
GeoLife,789,tau0p90,0.9,20,0.8330160642570281,0.5468639446550833,0.5180722891566265,0.5180722891566265,0.5180722891566265,109,1,59,0.3879067301572861,0.5732811351202215,0.03881213472249239,False
GeoLife,1024,tau0p90,0.9,20,0.8479206827309236,0.5504640942450667,0.5150602409638554,0.5150602409638554,0.5150602409638554,65,106,12,0.17235599155031106,0.7760039093458578,0.05164009910383115,False
Grid-Network,42,tau0p90,0.9,20,0.9340786231884057,0.7866448947911001,0.717391304347826,0.717391304347826,0.717391304347826,148,134,57,0.3220989938672229,0.6438059822271649,0.03409502390561215,False
Grid-Network,123,tau0p90,0.9,20,0.8860565217391303,0.7013535021155628,0.6521739130434783,0.6521739130434783,0.6521739130434783,155,170,53,0.32395433629968545,0.6483850515575301,0.02766061214278442,False
Grid-Network,456,tau0p90,0.9,20,0.9258739130434782,0.7550242857026572,0.6902173913043478,0.6902173913043478,0.6902173913043478,130,158,59,0.39254521634614215,0.5813884869674976,0.026066296686360332,False
Grid-Network,789,tau0p90,0.9,20,0.9366152173913043,0.7376858846731912,0.6376811594202898,0.6376811594202898,0.6376811594202898,165,167,56,0.36546871961619365,0.6100822300373112,0.02444905034649513,False
Grid-Network,1024,tau0p90,0.9,20,0.9145909420289855,0.728686154175496,0.644927536231884,0.644927536231884,0.644927536231884,162,175,54,0.3725115297859438,0.6051754303587203,0.02231303985533592,False
Grid-Network,2048,tau0p90,0.9,20,0.9128181159420289,0.728622725354398,0.6684782608695652,0.6684782608695652,0.6684782608695652,139,175,45,0.39670941492737605,0.5832923247810099,0.01999826029161404,False
Grid-Network,3072,tau0p90,0.9,20,0.9129887681159419,0.7462959247162638,0.6503623188405797,0.6503623188405797,0.6503623188405797,148,152,44,0.39918109681058156,0.5781213049995624,0.022697598189856116,False
Grid-Network,4096,tau0p90,0.9,20,0.9341836956521741,0.777661123687799,0.717391304347826,0.717391304347826,0.717391304347826,157,168,44,0.40794797581243114,0.5703609945958934,0.021691029591675563,False
Grid-Network,5120,tau0p90,0.9,20,0.9323518115942028,0.768589324634674,0.6739130434782609,0.6739130434782609,0.6739130434782609,163,167,62,0.3619921050355693,0.6050417185854036,0.032966176379027136,False
Grid-Network,6144,tau0p90,0.9,20,0.9279050724637681,0.7823957499299983,0.677536231884058,0.677536231884058,0.677536231884058,146,91,53,0.2166923015745961,0.7440431776718823,0.03926452075352159,False
Porto-derived,42,tau0p90,0.9,20,0.9761358695652175,0.8799262528186279,0.8007246376811594,0.8007246376811594,0.8007246376811594,1,152,57,0.21673856238952643,0.6780473851252772,0.1052140524851963,False
Porto-derived,123,tau0p90,0.9,20,0.9739565217391304,0.8198874428957897,0.7644927536231884,0.7644927536231884,0.7644927536231884,137,176,38,0.3647827134527065,0.5965063297657512,0.03871095678154234,False
Porto-derived,456,tau0p90,0.9,20,0.9688315217391305,0.8507548148930747,0.7626811594202898,0.7626811594202898,0.7626811594202898,1,159,67,0.071003491174105,0.719639372051203,0.2093571367746921,False
Porto-derived,789,tau0p90,0.9,20,0.9583811594202898,0.7551748006009861,0.6684782608695652,0.6684782608695652,0.6684782608695652,122,180,74,0.3489087834834398,0.6066640932967009,0.04442712321985932,False
Porto-derived,1024,tau0p90,0.9,20,0.9624518115942029,0.7857767538616075,0.6956521739130435,0.6956521739130435,0.6956521739130435,141,138,17,0.32527144139070435,0.6389572308668694,0.035771327742426154,False
Synthetic,42,tau0p90,0.9,20,0.8924199275362318,0.6555712924107847,0.7083333333333334,0.7083333333333334,0.7083333333333334,203,190,83,0.03529365737097733,0.8126162762887951,0.1520900663402276,False
Synthetic,123,tau0p90,0.9,20,0.8943050724637681,0.6574987782617449,0.6503623188405797,0.6503623188405797,0.6503623188405797,205,191,102,0.03909507644381904,0.8543035429808831,0.10660138057529785,False
Synthetic,456,tau0p90,0.9,20,0.8526452898550725,0.5877759014460617,0.5869565217391305,0.5869565217391305,0.5869565217391305,176,182,68,0.12367121721474582,0.8311671884810496,0.04516159430420447,False
Synthetic,789,tau0p90,0.9,20,0.8439083333333334,0.5908874413789822,0.5706521739130435,0.5706521739130435,0.5706521739130435,1,189,72,0.48031367533985225,0.49771540508123385,0.02197091957891388,False
Synthetic,1024,tau0p90,0.9,20,0.8354159420289855,0.547075001567346,0.5434782608695652,0.5434782608695652,0.5434782608695652,1,185,85,0.5503917418829161,0.42622423250606145,0.023384025611022496,False
Synthetic,2048,tau0p90,0.9,20,0.9174757246376812,0.7733139595021739,0.7336956521739131,0.7336956521739131,0.7336956521739131,214,186,86,0.033121806581019986,0.7563825917094337,0.21049560170954626,False
Synthetic,3072,tau0p90,0.9,20,0.8535518115942029,0.5579049012037414,0.552536231884058,0.552536231884058,0.552536231884058,1,191,83,0.48307969887326657,0.4968709518780908,0.02004934924864256,False
Synthetic,4096,tau0p90,0.9,20,0.8622278985507246,0.5810513928118475,0.5543478260869565,0.5543478260869565,0.5543478260869565,1,190,93,0.5114835123968176,0.46918526492813234,0.019331222675050195,False
Synthetic,5120,tau0p90,0.9,20,0.9094438405797102,0.7798407509483795,0.7318840579710145,0.7318840579710145,0.7318840579710145,187,183,43,0.031199234164576393,0.8238088799783433,0.1449918858570803,False
Synthetic,6144,tau0p90,0.9,20,0.86864384057971,0.5742495455508421,0.5615942028985508,0.5615942028985508,0.5615942028985508,203,185,75,0.15030222119712983,0.7962315143607904,0.05346626444207981,False
