dataset,seed,min_samples,view,n_balls,mean_ball_size,size_strata_available,size_stratum_cosine_mean,weighted_local_l1_from_run_profile
Synthetic,42,4,spatial_path,275,20.189090909090908,3,0.9401642942415208,0.5951623828909299
Synthetic,42,4,kinematic,234,23.726495726495727,3,0.9789551824411006,0.28012658457226974
Synthetic,42,4,trajectory_shape,182,30.505494505494507,3,0.9832574600742708,0.6940380689769708
Synthetic,42,8,spatial_path,216,25.703703703703702,3,0.950537661865031,0.5767932754490522
Synthetic,42,8,kinematic,197,28.18274111675127,3,0.9947064292228528,0.2697373029734466
Synthetic,42,8,trajectory_shape,86,64.55813953488372,3,0.9693184684086219,0.5435769759822837
Synthetic,42,16,spatial_path,145,38.289655172413795,3,0.9852381274132721,0.553998976910318
Synthetic,42,16,kinematic,141,39.3758865248227,3,0.9957510577124218,0.2693742536340241
Synthetic,42,16,trajectory_shape,31,179.09677419354838,3,0.9358952260265343,0.34310782072105356
Synthetic,42,32,spatial_path,87,63.81609195402299,3,0.9225293336362932,0.5202253954782471
Synthetic,42,32,kinematic,80,69.4,3,0.9807327484435339,0.2754723548979916
Synthetic,42,32,trajectory_shape,9,616.8888888888889,3,0.8055234563210382,0.19976101525236328
Synthetic,123,4,spatial_path,299,18.568561872909697,3,0.9506704733473202,0.6174193875171364
Synthetic,123,4,kinematic,229,24.24454148471616,3,0.9840930120902952,0.26894216326556025
Synthetic,123,4,trajectory_shape,180,30.844444444444445,3,0.9523543516355275,0.5629189334584092
Synthetic,123,8,spatial_path,225,24.675555555555555,3,0.9551000421102112,0.5959929178456177
Synthetic,123,8,kinematic,196,28.3265306122449,3,0.995707274616076,0.25767166211401216
Synthetic,123,8,trajectory_shape,105,52.87619047619047,3,0.9842704083511302,0.4718434110144305
Synthetic,123,16,spatial_path,142,39.098591549295776,3,0.9541618490144295,0.5621901299542886
Synthetic,123,16,kinematic,135,41.12592592592593,3,0.9992395615080135,0.261536120701112
Synthetic,123,16,trajectory_shape,49,113.3061224489796,3,0.951805247472489,0.3803815032941827
Synthetic,123,32,spatial_path,85,65.31764705882352,3,0.9693006031952502,0.504218551297197
Synthetic,123,32,kinematic,78,71.17948717948718,3,0.994960322284136,0.2555218081627268
Synthetic,123,32,trajectory_shape,34,163.2941176470588,3,0.9588028083122474,0.3697567021085304
Synthetic,456,4,spatial_path,251,22.1195219123506,3,0.9457326805692786,0.5816388304422496
Synthetic,456,4,kinematic,221,25.122171945701357,3,0.9911298082637655,0.2827016469131246
Synthetic,456,4,trajectory_shape,137,40.52554744525548,3,0.9587712374786679,0.4638703287138286
Synthetic,456,8,spatial_path,183,30.338797814207652,3,0.9647871523894748,0.5573178802477005
Synthetic,456,8,kinematic,189,29.375661375661377,3,0.9975459884962783,0.2756767638963885
Synthetic,456,8,trajectory_shape,71,78.19718309859155,3,0.9589136590484756,0.3694246029028674
Synthetic,456,16,spatial_path,130,42.707692307692305,3,0.948236303076107,0.5350515528306562
Synthetic,456,16,kinematic,130,42.707692307692305,3,0.9989950031402158,0.2711458547032139
Synthetic,456,16,trajectory_shape,24,231.33333333333334,3,0.8727734425864334,0.2923113375839824
Synthetic,456,32,spatial_path,74,75.02702702702703,3,0.9399689277251122,0.5029239885616535
Synthetic,456,32,kinematic,80,69.4,3,0.9973342624541507,0.27721692305781026
Synthetic,456,32,trajectory_shape,19,292.2105263157895,3,0.9101023638360582,0.28198622395754336
Synthetic,789,4,spatial_path,281,19.75800711743772,3,0.9438548884610242,0.5957360969173318
Synthetic,789,4,kinematic,234,23.726495726495727,3,0.9810669590444357,0.2936194678561842
Synthetic,789,4,trajectory_shape,182,30.505494505494507,3,0.9741847868266257,0.5495203485452701
Synthetic,789,8,spatial_path,1,5552.0,1,,6.938893903907228e-18
Synthetic,789,8,kinematic,194,28.61855670103093,3,0.9969584928643457,0.27849377896090766
Synthetic,789,8,trajectory_shape,75,74.02666666666667,3,0.9717841234211889,0.4052078512971305
Synthetic,789,16,spatial_path,1,5552.0,1,,6.938893903907228e-18
Synthetic,789,16,kinematic,146,38.02739726027397,3,0.991650501665447,0.27069287808445586
Synthetic,789,16,trajectory_shape,31,179.09677419354838,3,0.8950194158992201,0.35891020626381376
Synthetic,789,32,spatial_path,1,5552.0,1,,6.938893903907228e-18
Synthetic,789,32,kinematic,75,74.02666666666667,3,0.9984595961946608,0.277370533673097
Synthetic,789,32,trajectory_shape,11,504.72727272727275,2,0.8029404930464205,0.2488501808481904
Synthetic,1024,4,spatial_path,1,5552.0,1,,1.3877787807814457e-17
Synthetic,1024,4,kinematic,211,26.312796208530806,3,0.9880744618722592,0.28286576494329657
Synthetic,1024,4,trajectory_shape,203,27.34975369458128,3,0.9520351058821147,0.5087548757609506
Synthetic,1024,8,spatial_path,1,5552.0,1,,1.3877787807814457e-17
Synthetic,1024,8,kinematic,188,29.53191489361702,3,0.9959476461963802,0.2773454726000184
Synthetic,1024,8,trajectory_shape,86,64.55813953488372,3,0.9720179885937643,0.3693552475076114
Synthetic,1024,16,spatial_path,1,5552.0,1,,1.3877787807814457e-17
Synthetic,1024,16,kinematic,144,38.55555555555556,3,0.9974975446728189,0.2697328987223849
Synthetic,1024,16,trajectory_shape,39,142.35897435897436,3,0.9599257762466337,0.2995965623435498
Synthetic,1024,32,spatial_path,1,5552.0,1,,1.3877787807814457e-17
Synthetic,1024,32,kinematic,74,75.02702702702703,3,0.9981274226406757,0.2625210909502541
Synthetic,1024,32,trajectory_shape,18,308.44444444444446,3,0.937599931815804,0.2722307297917012
Synthetic,2048,4,spatial_path,277,20.04332129963899,3,0.9465888204962957,0.6153507997407432
Synthetic,2048,4,kinematic,223,24.896860986547086,3,0.9784007249315988,0.28855538457550983
Synthetic,2048,4,trajectory_shape,178,31.191011235955056,3,0.9485727527103768,0.6418891924133702
Synthetic,2048,8,spatial_path,222,25.00900900900901,3,0.9441968359656064,0.60117880889666
Synthetic,2048,8,kinematic,194,28.61855670103093,3,0.9971856701121352,0.2831740506604211
Synthetic,2048,8,trajectory_shape,91,61.010989010989015,3,0.9693315871894027,0.5309893446764005
Synthetic,2048,16,spatial_path,148,37.513513513513516,3,0.9308006084214139,0.5661882247868393
Synthetic,2048,16,kinematic,141,39.3758865248227,3,0.9974486234393387,0.26883577853377727
Synthetic,2048,16,trajectory_shape,16,347.0,3,0.8868480162609284,0.27584795188049177
Synthetic,2048,32,spatial_path,82,67.70731707317073,3,0.9312501128964105,0.5236196395339611
Synthetic,2048,32,kinematic,80,69.4,3,0.9970631634230909,0.27823238797864047
Synthetic,2048,32,trajectory_shape,6,925.3333333333334,2,0.7295858758768027,0.14084329413970537
Synthetic,3072,4,spatial_path,268,20.71641791044776,3,0.9313936160856873,0.595242671292192
Synthetic,3072,4,kinematic,225,24.675555555555555,3,0.9884363311510036,0.27861725885329935
Synthetic,3072,4,trajectory_shape,163,34.061349693251536,3,0.9681389109383112,0.5100880462771106
Synthetic,3072,8,spatial_path,1,5552.0,1,,6.245004513516506e-17
Synthetic,3072,8,kinematic,196,28.3265306122449,3,0.997830325062822,0.26893049669382435
Synthetic,3072,8,trajectory_shape,85,65.31764705882352,3,0.9590047859223567,0.43877788806569895
Synthetic,3072,16,spatial_path,1,5552.0,1,,6.245004513516506e-17
Synthetic,3072,16,kinematic,133,41.744360902255636,3,0.998179352131141,0.26937742574789564
Synthetic,3072,16,trajectory_shape,35,158.62857142857143,3,0.8870264036511748,0.3557253435355611
Synthetic,3072,32,spatial_path,1,5552.0,1,,6.245004513516506e-17
Synthetic,3072,32,kinematic,79,70.27848101265823,3,0.9908913064780439,0.26177132802788555
Synthetic,3072,32,trajectory_shape,17,326.5882352941176,3,0.8931953489052294,0.2615306052120851
Synthetic,4096,4,spatial_path,1,5552.0,1,,1.3877787807814457e-17
Synthetic,4096,4,kinematic,224,24.785714285714285,3,0.989647970190695,0.2863317480363197
Synthetic,4096,4,trajectory_shape,202,27.485148514851485,3,0.9808440424521204,0.6639540210366628
Synthetic,4096,8,spatial_path,1,5552.0,1,,1.3877787807814457e-17
Synthetic,4096,8,kinematic,194,28.61855670103093,3,0.9968683302693314,0.2759925866988143
Synthetic,4096,8,trajectory_shape,98,56.6530612244898,3,0.9735708550410385,0.5603852057086064
Synthetic,4096,16,spatial_path,1,5552.0,1,,1.3877787807814457e-17
Synthetic,4096,16,kinematic,143,38.82517482517483,3,0.9989720078348308,0.2640840770160383
Synthetic,4096,16,trajectory_shape,34,163.2941176470588,3,0.9248447368488394,0.3642434249069299
Synthetic,4096,32,spatial_path,1,5552.0,1,,1.3877787807814457e-17
Synthetic,4096,32,kinematic,73,76.05479452054794,3,0.9974597595470612,0.2673927522577656
Synthetic,4096,32,trajectory_shape,13,427.0769230769231,3,0.8970761865597061,0.23620328620127914
Synthetic,5120,4,spatial_path,272,20.41176470588235,3,0.9465016144730537,0.6079094470197914
Synthetic,5120,4,kinematic,226,24.56637168141593,3,0.9862975155940723,0.29037159960432846
Synthetic,5120,4,trajectory_shape,156,35.58974358974359,3,0.9516969555489431,0.5347052599066009
Synthetic,5120,8,spatial_path,207,26.82125603864734,3,0.9642778956703508,0.5911733875231239
Synthetic,5120,8,kinematic,189,29.375661375661377,3,0.9955135606731217,0.27913677725595987
Synthetic,5120,8,trajectory_shape,44,126.18181818181819,3,0.895351409942219,0.4156757363612733
Synthetic,5120,16,spatial_path,1,5552.0,1,,1.5612511283791264e-17
Synthetic,5120,16,kinematic,138,40.231884057971016,3,0.9991345180447047,0.2727101626714541
Synthetic,5120,16,trajectory_shape,27,205.62962962962962,3,0.8901014635603572,0.35516385928685745
Synthetic,5120,32,spatial_path,1,5552.0,1,,1.5612511283791264e-17
Synthetic,5120,32,kinematic,77,72.1038961038961,3,0.993551520937508,0.2535130264774175
Synthetic,5120,32,trajectory_shape,12,462.6666666666667,2,0.7510227936317679,0.25804120669825104
Synthetic,6144,4,spatial_path,289,19.21107266435986,3,0.9497776807061712,0.6040465541751684
Synthetic,6144,4,kinematic,230,24.139130434782608,3,0.9855699739297163,0.2927766549928115
Synthetic,6144,4,trajectory_shape,184,30.17391304347826,3,0.9607292522882241,0.549860301404568
Synthetic,6144,8,spatial_path,222,25.00900900900901,3,0.9618191861968836,0.5921529499087296
Synthetic,6144,8,kinematic,190,29.221052631578946,3,0.9963882183002121,0.28105294575459056
Synthetic,6144,8,trajectory_shape,79,70.27848101265823,3,0.9646695069305973,0.4316601629932336
Synthetic,6144,16,spatial_path,153,36.287581699346404,3,0.9274228677148155,0.5557071541111723
Synthetic,6144,16,kinematic,130,42.707692307692305,3,0.9989335419251638,0.2698073143628309
Synthetic,6144,16,trajectory_shape,45,123.37777777777778,3,0.9096206816528313,0.36090213124621345
Synthetic,6144,32,spatial_path,90,61.68888888888889,3,0.9407683749373313,0.5285747719533976
Synthetic,6144,32,kinematic,72,77.11111111111111,3,0.9964526728420727,0.27149439308081313
Synthetic,6144,32,trajectory_shape,20,277.6,3,0.8890237543761789,0.2889448036390199
Grid-Network,42,4,spatial_path,197,28.18274111675127,3,0.9462228831520961,0.5334370339328812
Grid-Network,42,4,kinematic,162,34.27160493827161,3,0.9853224586699437,0.35250185192532146
Grid-Network,42,4,trajectory_shape,83,66.89156626506023,3,0.9128744961640146,0.5947943061665849
Grid-Network,42,8,spatial_path,149,37.261744966442954,3,0.9625485325632909,0.5079588442177669
Grid-Network,42,8,kinematic,134,41.43283582089552,3,0.9908487760355674,0.36710452199649063
Grid-Network,42,8,trajectory_shape,57,97.40350877192982,3,0.9454940053960909,0.5532738212965768
Grid-Network,42,16,spatial_path,101,54.97029702970297,3,0.979680356064347,0.49154984488840936
Grid-Network,42,16,kinematic,101,54.97029702970297,3,0.9756777978776418,0.36368573476450666
Grid-Network,42,16,trajectory_shape,49,113.3061224489796,3,0.9109719307944752,0.5320725815823576
Grid-Network,42,32,spatial_path,57,97.40350877192982,3,0.9848322352659976,0.4566282775451608
Grid-Network,42,32,kinematic,52,106.76923076923077,3,0.9780776621366466,0.34135346949911954
Grid-Network,42,32,trajectory_shape,43,129.11627906976744,2,0.9121465042627068,0.5426811315016542
Grid-Network,123,4,spatial_path,204,27.215686274509803,3,0.9553295414205443,0.5150993872525919
Grid-Network,123,4,kinematic,193,28.76683937823834,3,0.9937416493356258,0.36076555506910823
Grid-Network,123,4,trajectory_shape,78,71.17948717948718,3,0.9372767212771874,0.574935404361456
Grid-Network,123,8,spatial_path,156,35.58974358974359,3,0.9851838771075919,0.5086332841909634
Grid-Network,123,8,kinematic,171,32.46783625730994,3,0.9948145336345636,0.37019261916331986
Grid-Network,123,8,trajectory_shape,53,104.75471698113208,3,0.9058830724139577,0.5422779753635576
Grid-Network,123,16,spatial_path,115,48.278260869565216,3,0.9635869209010144,0.4812804595909378
Grid-Network,123,16,kinematic,91,61.010989010989015,3,0.9713284062715988,0.3923060141123838
Grid-Network,123,16,trajectory_shape,46,120.69565217391305,3,0.8373408557863558,0.5310505372427881
Grid-Network,123,32,spatial_path,65,85.41538461538461,3,0.9435922214337195,0.46209162304395857
Grid-Network,123,32,kinematic,56,99.14285714285714,3,0.9559107964516135,0.38068221555948334
Grid-Network,123,32,trajectory_shape,41,135.41463414634146,3,0.7643357384636453,0.5252052672413727
Grid-Network,456,4,spatial_path,179,31.01675977653631,3,0.9652732111648367,0.5053158710271455
Grid-Network,456,4,kinematic,180,30.844444444444445,3,0.9861126776022888,0.3574542101921021
Grid-Network,456,4,trajectory_shape,91,61.010989010989015,3,0.9677220926089439,0.5657978258676286
Grid-Network,456,8,spatial_path,133,41.744360902255636,3,0.9792275222674146,0.47319065251322623
Grid-Network,456,8,kinematic,159,34.918238993710695,3,0.9935627665692017,0.36424477915102926
Grid-Network,456,8,trajectory_shape,59,94.10169491525424,3,0.9200131027499442,0.5059429158154558
Grid-Network,456,16,spatial_path,92,60.34782608695652,3,0.9832683752815297,0.45183708834460684
Grid-Network,456,16,kinematic,106,52.37735849056604,3,0.9666333993210374,0.36726903978859704
Grid-Network,456,16,trajectory_shape,46,120.69565217391305,2,0.9355828241873333,0.48908891623513207
Grid-Network,456,32,spatial_path,53,104.75471698113208,3,0.9790315955590855,0.4234117872053849
Grid-Network,456,32,kinematic,62,89.54838709677419,3,0.9831439271806987,0.3293067757367414
Grid-Network,456,32,trajectory_shape,43,129.11627906976744,3,0.834835749211746,0.47731499305677866
Grid-Network,789,4,spatial_path,201,27.621890547263682,3,0.9356856340075419,0.5322825190364583
Grid-Network,789,4,kinematic,191,29.06806282722513,3,0.983263983774239,0.3910766272884511
Grid-Network,789,4,trajectory_shape,84,66.0952380952381,3,0.9769977630872911,0.6183515003078125
Grid-Network,789,8,spatial_path,165,33.64848484848485,3,0.9769700882966307,0.527697000657569
Grid-Network,789,8,kinematic,167,33.24550898203593,3,0.995949515392191,0.40342199273410695
Grid-Network,789,8,trajectory_shape,56,99.14285714285714,3,0.9211893587679816,0.5893373066579898
Grid-Network,789,16,spatial_path,117,47.452991452991455,3,0.9712649850044636,0.5066906043927979
Grid-Network,789,16,kinematic,122,45.50819672131148,3,0.9701801077974638,0.41189186304370673
Grid-Network,789,16,trajectory_shape,43,129.11627906976744,3,0.9019213473389852,0.5667311036056357
Grid-Network,789,32,spatial_path,63,88.12698412698413,3,0.9838214819231995,0.4357247004123198
Grid-Network,789,32,kinematic,54,102.81481481481481,3,0.9833957308887268,0.37116833598939153
Grid-Network,789,32,trajectory_shape,40,138.8,3,0.932614002885745,0.5464222705634507
Grid-Network,1024,4,spatial_path,191,29.06806282722513,3,0.8993505460214831,0.5155405272624148
Grid-Network,1024,4,kinematic,189,29.375661375661377,3,0.9939524932312773,0.3544985235297251
Grid-Network,1024,4,trajectory_shape,70,79.31428571428572,3,0.9643567321769817,0.6053788835429932
Grid-Network,1024,8,spatial_path,162,34.27160493827161,3,0.9772389271192575,0.5076964247115151
Grid-Network,1024,8,kinematic,175,31.725714285714286,3,0.9974297990534352,0.35377456710571614
Grid-Network,1024,8,trajectory_shape,54,102.81481481481481,3,0.8828024314292788,0.5864685418008029
Grid-Network,1024,16,spatial_path,113,49.13274336283186,3,0.9689088516948283,0.4782928765114729
Grid-Network,1024,16,kinematic,122,45.50819672131148,3,0.9771885781201585,0.36430110708797964
Grid-Network,1024,16,trajectory_shape,44,126.18181818181819,3,0.8703278212624189,0.5738818902514026
Grid-Network,1024,32,spatial_path,66,84.12121212121212,3,0.9249202564970176,0.4522121762788903
Grid-Network,1024,32,kinematic,64,86.75,3,0.9496621799116941,0.35107861822922637
Grid-Network,1024,32,trajectory_shape,40,138.8,2,0.9683015217280501,0.560797443429647
Grid-Network,2048,4,spatial_path,154,36.05194805194805,3,0.9654979335827196,0.5225773651745939
Grid-Network,2048,4,kinematic,193,28.76683937823834,3,0.9863627177855947,0.3703916773474719
Grid-Network,2048,4,trajectory_shape,72,77.11111111111111,3,0.9358543716083784,0.5644516938559189
Grid-Network,2048,8,spatial_path,139,39.94244604316547,3,0.9853385114309798,0.5263751036791494
Grid-Network,2048,8,kinematic,175,31.725714285714286,3,0.9970571129796085,0.3792828764488861
Grid-Network,2048,8,trajectory_shape,45,123.37777777777778,3,0.9603780318091465,0.5072457627941557
Grid-Network,2048,16,spatial_path,105,52.87619047619047,3,0.9542901466116209,0.5032702504095267
Grid-Network,2048,16,kinematic,111,50.01801801801802,3,0.9788462814948827,0.39056486987689193
Grid-Network,2048,16,trajectory_shape,35,158.62857142857143,3,0.9129485704618663,0.48472593360651306
Grid-Network,2048,32,spatial_path,62,89.54838709677419,3,0.8724191386294823,0.4673646586435475
Grid-Network,2048,32,kinematic,59,94.10169491525424,3,0.9822483379654061,0.3648762156423836
Grid-Network,2048,32,trajectory_shape,30,185.06666666666666,3,0.9242060658983527,0.516020866081282
Grid-Network,3072,4,spatial_path,193,28.76683937823834,3,0.9176591695066119,0.5274302393740214
Grid-Network,3072,4,kinematic,188,29.53191489361702,3,0.9941109661129897,0.38005515542612317
Grid-Network,3072,4,trajectory_shape,82,67.70731707317073,3,0.8414356742197932,0.6154704517047734
Grid-Network,3072,8,spatial_path,149,37.261744966442954,3,0.9454953702544096,0.5035209099534319
Grid-Network,3072,8,kinematic,153,36.287581699346404,3,0.9950559295133617,0.4074953479848275
Grid-Network,3072,8,trajectory_shape,44,126.18181818181819,3,0.897500574972829,0.5457979137432544
Grid-Network,3072,16,spatial_path,119,46.65546218487395,3,0.9715035036402804,0.4960213152354026
Grid-Network,3072,16,kinematic,118,47.05084745762712,3,0.9669137526882209,0.4056111060323117
Grid-Network,3072,16,trajectory_shape,33,168.24242424242425,2,0.9058586203291797,0.5084258983280089
Grid-Network,3072,32,spatial_path,60,92.53333333333333,3,0.9780538812346954,0.42879255692710844
Grid-Network,3072,32,kinematic,55,100.94545454545455,3,0.9857225169284761,0.36602004483479217
Grid-Network,3072,32,trajectory_shape,33,168.24242424242425,3,0.9243646046314012,0.5084258983280089
Grid-Network,4096,4,spatial_path,193,28.76683937823834,3,0.9550354698434292,0.5159490112288916
Grid-Network,4096,4,kinematic,187,29.689839572192515,3,0.9955226103909802,0.3603556134072343
Grid-Network,4096,4,trajectory_shape,61,91.01639344262296,3,0.8613651184098708,0.5386762826137638
Grid-Network,4096,8,spatial_path,157,35.36305732484077,3,0.9825702735105662,0.4965064258662855
Grid-Network,4096,8,kinematic,168,33.04761904761905,3,0.994923138544447,0.3686392869665021
Grid-Network,4096,8,trajectory_shape,44,126.18181818181819,3,0.8305993461262425,0.5102742884206256
Grid-Network,4096,16,spatial_path,111,50.01801801801802,3,0.9755803489135514,0.4757646510051872
Grid-Network,4096,16,kinematic,117,47.452991452991455,3,0.9874700698577422,0.3698817048707092
Grid-Network,4096,16,trajectory_shape,42,132.1904761904762,3,0.7894836079267943,0.5017913524273715
Grid-Network,4096,32,spatial_path,56,99.14285714285714,3,0.9947657757271071,0.42292823375100164
Grid-Network,4096,32,kinematic,67,82.86567164179104,3,0.9816436064413753,0.3537271264217958
Grid-Network,4096,32,trajectory_shape,37,150.05405405405406,3,0.7025044456687527,0.49197691281614336
Grid-Network,5120,4,spatial_path,186,29.849462365591396,3,0.9411930286955673,0.5247643418999022
Grid-Network,5120,4,kinematic,189,29.375661375661377,3,0.9848704114980921,0.38065383642239703
Grid-Network,5120,4,trajectory_shape,88,63.09090909090909,3,0.893586982084564,0.5803631105134037
Grid-Network,5120,8,spatial_path,163,34.061349693251536,3,0.984452068147298,0.5163211212012483
Grid-Network,5120,8,kinematic,167,33.24550898203593,3,0.9937530964370862,0.38906678787036925
Grid-Network,5120,8,trajectory_shape,62,89.54838709677419,3,0.923859621697453,0.5129992397623896
Grid-Network,5120,16,spatial_path,111,50.01801801801802,3,0.984045792733292,0.4865092584682011
Grid-Network,5120,16,kinematic,112,49.57142857142857,3,0.9526892728437492,0.39266702262733
Grid-Network,5120,16,trajectory_shape,55,100.94545454545455,3,0.9149830177557018,0.5061804724891491
Grid-Network,5120,32,spatial_path,60,92.53333333333333,3,0.9866175861984937,0.44587546254257443
Grid-Network,5120,32,kinematic,61,91.01639344262296,3,0.9612027265407198,0.3745313499759558
Grid-Network,5120,32,trajectory_shape,46,120.69565217391305,3,0.9090002784915004,0.49489909239375135
Grid-Network,6144,4,spatial_path,170,32.65882352941176,3,0.9716659492384278,0.5348771305158725
Grid-Network,6144,4,kinematic,107,51.88785046728972,3,0.9796338558394652,0.2850024160589814
Grid-Network,6144,4,trajectory_shape,86,64.55813953488372,3,0.9112439001367396,0.6029364590431334
Grid-Network,6144,8,spatial_path,146,38.02739726027397,3,0.9948506312385975,0.5245660012615383
Grid-Network,6144,8,kinematic,91,61.010989010989015,3,0.9816108629630603,0.28348649037199625
Grid-Network,6144,8,trajectory_shape,53,104.75471698113208,3,0.8278925409981959,0.5944575396666839
Grid-Network,6144,16,spatial_path,99,56.08080808080808,3,0.9658532296954766,0.4947882111159221
Grid-Network,6144,16,kinematic,72,77.11111111111111,3,0.9864807346812045,0.27968911799706503
Grid-Network,6144,16,trajectory_shape,48,115.66666666666667,2,0.8431284627843348,0.591516584851116
Grid-Network,6144,32,spatial_path,57,97.40350877192982,3,0.9718161315820852,0.4339258651505914
Grid-Network,6144,32,kinematic,35,158.62857142857143,3,0.9889489073309609,0.2566525178741447
Grid-Network,6144,32,trajectory_shape,45,123.37777777777778,2,0.9438529364676158,0.59227321937366
Porto-derived,42,4,spatial_path,171,32.46783625730994,3,0.920467755313861,0.5822922037803647
Porto-derived,42,4,kinematic,197,28.18274111675127,3,0.9860919134799793,0.3442122408123039
Porto-derived,42,4,trajectory_shape,92,60.34782608695652,3,0.9026752229838743,0.48843836511514843
Porto-derived,42,8,spatial_path,1,5552.0,1,,3.469446951953614e-18
Porto-derived,42,8,kinematic,154,36.05194805194805,3,0.9871918929215532,0.3753512174971773
Porto-derived,42,8,trajectory_shape,57,97.40350877192982,3,0.9274712330199358,0.45649621243274136
Porto-derived,42,16,spatial_path,1,5552.0,1,,3.469446951953614e-18
Porto-derived,42,16,kinematic,115,48.278260869565216,3,0.974830912865194,0.3703806313943177
Porto-derived,42,16,trajectory_shape,7,793.1428571428571,3,0.8607493180845579,0.09291940257952482
Porto-derived,42,32,spatial_path,1,5552.0,1,,3.469446951953614e-18
Porto-derived,42,32,kinematic,57,97.40350877192982,3,0.9564861770718847,0.37148727291743117
Porto-derived,42,32,trajectory_shape,2,2776.0,1,,0.05011352780183395
Porto-derived,123,4,spatial_path,153,36.287581699346404,3,0.8608411339085741,0.5901222311168771
Porto-derived,123,4,kinematic,194,28.61855670103093,3,0.9696663060072899,0.315264660383044
Porto-derived,123,4,trajectory_shape,103,53.90291262135922,3,0.9271354396991572,0.469395826427808
Porto-derived,123,8,spatial_path,138,40.231884057971016,3,0.9825651023521486,0.586602445620573
Porto-derived,123,8,kinematic,176,31.545454545454547,3,0.9923079349436547,0.31629670206778665
Porto-derived,123,8,trajectory_shape,38,146.10526315789474,3,0.9460752087782099,0.40656318375010597
Porto-derived,123,16,spatial_path,110,50.472727272727276,3,0.9314036116630823,0.5781689266031647
Porto-derived,123,16,kinematic,117,47.452991452991455,3,0.9509418461316032,0.3597233709359701
Porto-derived,123,16,trajectory_shape,15,370.1333333333333,3,0.8402881001200151,0.41641354608809916
Porto-derived,123,32,spatial_path,60,92.53333333333333,3,0.9367934409724624,0.556876695884569
Porto-derived,123,32,kinematic,59,94.10169491525424,3,0.8947294807837537,0.36997245016289554
Porto-derived,123,32,trajectory_shape,1,5552.0,1,,0.0
Porto-derived,456,4,spatial_path,1,5552.0,1,,2.7755575615628914e-17
Porto-derived,456,4,kinematic,187,29.689839572192515,3,0.9842545675024184,0.3674406198185657
Porto-derived,456,4,trajectory_shape,103,53.90291262135922,3,0.887460354146398,0.5353856385222164
Porto-derived,456,8,spatial_path,1,5552.0,1,,2.7755575615628914e-17
Porto-derived,456,8,kinematic,159,34.918238993710695,3,0.9919462271878988,0.4086918361908597
Porto-derived,456,8,trajectory_shape,68,81.6470588235294,3,0.8789852351350752,0.47301480268950286
Porto-derived,456,16,spatial_path,1,5552.0,1,,2.7755575615628914e-17
Porto-derived,456,16,kinematic,113,49.13274336283186,3,0.9555827074504187,0.4008815431600634
Porto-derived,456,16,trajectory_shape,40,138.8,3,0.8868751078508251,0.42252111230508027
Porto-derived,456,32,spatial_path,1,5552.0,1,,2.7755575615628914e-17
Porto-derived,456,32,kinematic,52,106.76923076923077,3,0.9421311762799328,0.42138999059976673
Porto-derived,456,32,trajectory_shape,12,462.6666666666667,3,0.9079782821321337,0.216458872464415
Porto-derived,789,4,spatial_path,133,41.744360902255636,3,0.9485195020175397,0.5526851069021215
Porto-derived,789,4,kinematic,194,28.61855670103093,3,0.9832685337482013,0.31260256945434745
Porto-derived,789,4,trajectory_shape,111,50.01801801801802,3,0.9122034192891877,0.5589017706295724
Porto-derived,789,8,spatial_path,122,45.50819672131148,3,0.9882491100043266,0.5577265338906435
Porto-derived,789,8,kinematic,180,30.844444444444445,3,0.9927546513438316,0.3142097423605606
Porto-derived,789,8,trajectory_shape,74,75.02702702702703,3,0.8926344443415738,0.4876827715540709
Porto-derived,789,16,spatial_path,1,5552.0,1,,1.474514954580286e-17
Porto-derived,789,16,kinematic,122,45.50819672131148,3,0.9655122320798837,0.34661585885220025
Porto-derived,789,16,trajectory_shape,20,277.6,3,0.7477854189055616,0.4281624882575787
Porto-derived,789,32,spatial_path,1,5552.0,1,,1.474514954580286e-17
Porto-derived,789,32,kinematic,62,89.54838709677419,3,0.9242022727132477,0.3623707120877019
Porto-derived,789,32,trajectory_shape,2,2776.0,2,0.8600895442296731,0.014373951822828286
Porto-derived,1024,4,spatial_path,168,33.04761904761905,3,0.8994979177387696,0.558921069062191
Porto-derived,1024,4,kinematic,160,34.7,3,0.9693657844048879,0.3917955021157122
Porto-derived,1024,4,trajectory_shape,32,173.5,3,0.8182511813513802,0.1648499259311514
Porto-derived,1024,8,spatial_path,142,39.098591549295776,3,0.9391802736995184,0.564332399914071
Porto-derived,1024,8,kinematic,139,39.94244604316547,3,0.9869097361746454,0.3927506239153541
Porto-derived,1024,8,trajectory_shape,17,326.5882352941176,3,0.7981968871733199,0.14273498635608287
Porto-derived,1024,16,spatial_path,96,57.833333333333336,3,0.9663415393342153,0.5613011388129311
Porto-derived,1024,16,kinematic,75,74.02666666666667,3,0.9626670920229733,0.3964723346361566
Porto-derived,1024,16,trajectory_shape,5,1110.4,1,,0.121484070937433
Porto-derived,1024,32,spatial_path,59,94.10169491525424,3,0.9767787756525891,0.5592258298542994
Porto-derived,1024,32,kinematic,45,123.37777777777778,3,0.9424611288985217,0.38778074524479655
Porto-derived,1024,32,trajectory_shape,5,1110.4,2,0.9110573803388602,0.121484070937433
GeoLife,42,4,spatial_path,98,34.0,3,0.8976481564988897,0.6401022972436603
GeoLife,42,4,kinematic,1,3332.0,1,,2.7755575615628914e-17
GeoLife,42,4,trajectory_shape,117,28.478632478632477,3,0.9659540566467192,0.5234112855003165
GeoLife,42,8,spatial_path,87,38.298850574712645,3,0.9509360142321613,0.6317826700674415
GeoLife,42,8,kinematic,1,3332.0,1,,2.7755575615628914e-17
GeoLife,42,8,trajectory_shape,7,476.0,3,0.8569856265463388,0.062105965240789686
GeoLife,42,16,spatial_path,71,46.929577464788736,3,0.8108341804464789,0.6202380129242065
GeoLife,42,16,kinematic,1,3332.0,1,,2.7755575615628914e-17
GeoLife,42,16,trajectory_shape,5,666.4,2,0.8147906939463753,0.05530861100948079
GeoLife,42,32,spatial_path,38,87.6842105263158,3,0.8537865191364578,0.5879669931637879
GeoLife,42,32,kinematic,1,3332.0,1,,2.7755575615628914e-17
GeoLife,42,32,trajectory_shape,5,666.4,3,0.8602471940569044,0.05530861100948079
GeoLife,123,4,spatial_path,100,33.32,3,0.9093089790357061,0.6472304476715289
GeoLife,123,4,kinematic,113,29.486725663716815,3,0.9539888070886519,0.43437661013579526
GeoLife,123,4,trajectory_shape,1,3332.0,1,,0.0
GeoLife,123,8,spatial_path,91,36.61538461538461,3,0.9313326732284714,0.6467928744176185
GeoLife,123,8,kinematic,96,34.708333333333336,3,0.9451127355461605,0.4240138735401866
GeoLife,123,8,trajectory_shape,1,3332.0,1,,0.0
GeoLife,123,16,spatial_path,3,1110.6666666666667,2,0.7883635975459763,0.11505081236970659
GeoLife,123,16,kinematic,72,46.27777777777778,3,0.9947911330300183,0.4316437243451172
GeoLife,123,16,trajectory_shape,1,3332.0,1,,0.0
GeoLife,123,32,spatial_path,2,1666.0,1,,0.08242781050826029
GeoLife,123,32,kinematic,40,83.3,3,0.9899708554322831,0.4211795138945575
GeoLife,123,32,trajectory_shape,1,3332.0,1,,0.0
GeoLife,456,4,spatial_path,1,3332.0,1,,6.938893903907228e-18
GeoLife,456,4,kinematic,109,30.568807339449542,3,0.974139825901179,0.42176532014764256
GeoLife,456,4,trajectory_shape,114,29.228070175438596,3,0.9420930512918808,0.5421295359163033
GeoLife,456,8,spatial_path,1,3332.0,1,,6.938893903907228e-18
GeoLife,456,8,kinematic,99,33.656565656565654,3,0.9759695612547623,0.42185592133555067
GeoLife,456,8,trajectory_shape,4,833.0,2,0.8684444400975605,0.03946670435595516
GeoLife,456,16,spatial_path,1,3332.0,1,,6.938893903907228e-18
GeoLife,456,16,kinematic,73,45.64383561643836,3,0.9908759067242432,0.433993428226562
GeoLife,456,16,trajectory_shape,4,833.0,3,0.8148643752904675,0.03946670435595516
GeoLife,456,32,spatial_path,1,3332.0,1,,6.938893903907228e-18
GeoLife,456,32,kinematic,39,85.43589743589743,3,0.9619628298967319,0.4345062958415784
GeoLife,456,32,trajectory_shape,1,3332.0,1,,6.938893903907228e-18
GeoLife,789,4,spatial_path,117,28.478632478632477,3,0.9222871576791278,0.60997670940065
GeoLife,789,4,kinematic,1,3332.0,1,,5.551115123125783e-17
GeoLife,789,4,trajectory_shape,112,29.75,3,0.9497993094375617,0.5512368680343434
GeoLife,789,8,spatial_path,109,30.568807339449542,3,0.969269854219938,0.6103240693358934
GeoLife,789,8,kinematic,1,3332.0,1,,5.551115123125783e-17
GeoLife,789,8,trajectory_shape,59,56.47457627118644,3,0.9236348128446004,0.5128343188459863
GeoLife,789,16,spatial_path,2,1666.0,1,,0.11263355568162521
GeoLife,789,16,kinematic,1,3332.0,1,,5.551115123125783e-17
GeoLife,789,16,trajectory_shape,43,77.48837209302326,3,0.9017025244292515,0.49391709516385135
GeoLife,789,32,spatial_path,2,1666.0,1,,0.11263355568162521
GeoLife,789,32,kinematic,1,3332.0,1,,5.551115123125783e-17
GeoLife,789,32,trajectory_shape,21,158.66666666666666,3,0.9205847082883589,0.4257169102195336
GeoLife,1024,4,spatial_path,66,50.484848484848484,3,0.889207603302042,0.5636664247595925
GeoLife,1024,4,kinematic,123,27.089430894308943,3,0.9602577022515603,0.42976365704675207
GeoLife,1024,4,trajectory_shape,115,28.973913043478262,3,0.9405316890745979,0.5152407983447383
GeoLife,1024,8,spatial_path,65,51.261538461538464,3,0.942963063627983,0.5615884972025446
GeoLife,1024,8,kinematic,106,31.433962264150942,3,0.9576044483944326,0.4197130282504804
GeoLife,1024,8,trajectory_shape,12,277.6666666666667,3,0.8182066388189,0.08547250470064295
GeoLife,1024,16,spatial_path,1,3332.0,1,,0.0
GeoLife,1024,16,kinematic,68,49.0,3,0.9943570794865869,0.440560252618814
GeoLife,1024,16,trajectory_shape,8,416.5,3,0.8668930677181633,0.07852489970487925
GeoLife,1024,32,spatial_path,1,3332.0,1,,0.0
GeoLife,1024,32,kinematic,38,87.6842105263158,3,0.9731103644586868,0.41977579928928876
GeoLife,1024,32,trajectory_shape,1,3332.0,1,,0.0
