bin_count,dataset,seed,AUC,AUPRC,F1,Precision,Recall,Runtime,labels_consumed_during_fit
4,GeoLife,42,0.8233724899598394,0.4549782047843329,0.4397590361445783,0.4397590361445783,0.4397590361445783,7.773702900012722,False
4,GeoLife,123,0.84610140562249,0.5852727691232468,0.5451807228915663,0.5451807228915663,0.5451807228915663,5.464673499984201,False
4,GeoLife,456,0.782605421686747,0.3739639030863031,0.3493975903614458,0.3493975903614458,0.3493975903614458,6.964691300003324,False
4,GeoLife,789,0.8377771084337349,0.5452980409275997,0.5331325301204819,0.5331325301204819,0.5331325301204819,9.265646799991373,False
4,GeoLife,1024,0.8323664658634539,0.5547349956637995,0.5240963855421686,0.5240963855421686,0.5240963855421686,4.021460199990543,False
4,Grid-Network,42,0.9355797101449275,0.7903955992713448,0.7228260869565217,0.7228260869565217,0.7228260869565217,3.053964399994584,False
4,Grid-Network,123,0.8919873188405798,0.7248318356008372,0.6721014492753623,0.6721014492753623,0.6721014492753623,3.7432330999872647,False
4,Grid-Network,456,0.9257920289855073,0.770610747384124,0.7047101449275363,0.7047101449275363,0.7047101449275363,3.61152609999408,False
4,Grid-Network,789,0.9354065217391303,0.7559264732926704,0.6503623188405797,0.6503623188405797,0.6503623188405797,9.813408800022444,False
4,Grid-Network,1024,0.9147887681159419,0.7329620410359494,0.6431159420289855,0.6431159420289855,0.6431159420289855,9.723892399983015,False
4,Grid-Network,2048,0.8993492753623189,0.7254927009929195,0.6702898550724637,0.6702898550724637,0.6702898550724637,10.505525700020371,False
4,Grid-Network,3072,0.9141648550724638,0.7550485139821762,0.6721014492753623,0.6721014492753623,0.6721014492753623,12.182488799997373,False
4,Grid-Network,4096,0.933227536231884,0.7786746926743034,0.7119565217391305,0.7119565217391305,0.7119565217391305,16.31527960000676,False
4,Grid-Network,5120,0.9355710144927536,0.7802159578527746,0.6920289855072463,0.6920289855072463,0.6920289855072463,9.58252860000357,False
4,Grid-Network,6144,0.9304119565217391,0.7937435725970255,0.7119565217391305,0.7119565217391305,0.7119565217391305,13.065567600016948,False
4,Porto-derived,42,0.9779971014492753,0.8926015449803663,0.8260869565217391,0.8260869565217391,0.8260869565217391,10.924970099993516,False
4,Porto-derived,123,0.9739326086956521,0.8316833658688927,0.782608695652174,0.782608695652174,0.782608695652174,14.160964099981356,False
4,Porto-derived,456,0.9720880434782608,0.8456570081919765,0.7626811594202898,0.7626811594202898,0.7626811594202898,2.5623034999880474,False
4,Porto-derived,789,0.965000724637681,0.7806909818166174,0.6902173913043478,0.6902173913043478,0.6902173913043478,4.437143599992851,False
4,Porto-derived,1024,0.963591304347826,0.7853748283473546,0.6956521739130435,0.6956521739130435,0.6956521739130435,15.71519749998697,False
4,Synthetic,42,0.834888043478261,0.49690820156096394,0.5126811594202898,0.5126811594202898,0.5126811594202898,13.111945999989985,False
4,Synthetic,123,0.8814775362318841,0.6056014308072649,0.6105072463768116,0.6105072463768116,0.6105072463768116,15.825906500016572,False
4,Synthetic,456,0.8526282608695651,0.5833541915872736,0.5815217391304348,0.5815217391304348,0.5815217391304348,15.027199600008316,False
4,Synthetic,789,0.8421333333333334,0.5662801027822139,0.5543478260869565,0.5543478260869565,0.5543478260869565,10.974578100023791,False
4,Synthetic,1024,0.8262786231884058,0.5434102896681401,0.5344202898550725,0.5344202898550725,0.5344202898550725,13.228434999997262,False
4,Synthetic,2048,0.9129478260869565,0.7575872161047826,0.7264492753623188,0.7264492753623188,0.7264492753623188,15.848260099999607,False
4,Synthetic,3072,0.8484253623188406,0.5409030123188214,0.5452898550724637,0.5452898550724637,0.5452898550724637,11.504048599977978,False
4,Synthetic,4096,0.8505123188405798,0.5469669635956146,0.519927536231884,0.519927536231884,0.519927536231884,11.461457500001416,False
4,Synthetic,5120,0.9026105072463768,0.7406880538521634,0.7228260869565217,0.7228260869565217,0.7228260869565217,3.965722699998878,False
4,Synthetic,6144,0.8851054347826087,0.628767776930695,0.6195652173913043,0.6195652173913043,0.6195652173913043,4.919412599992938,False
8,GeoLife,42,0.8131626506024097,0.4521138344853497,0.45481927710843373,0.45481927710843373,0.45481927710843373,1.2298854000109714,False
8,GeoLife,123,0.8414116465863455,0.5679009121094594,0.5301204819277109,0.5301204819277109,0.5301204819277109,1.3871654000249691,False
8,GeoLife,456,0.7858303212851405,0.38169541338442264,0.35240963855421686,0.35240963855421686,0.35240963855421686,0.6526261000253726,False
8,GeoLife,789,0.8317389558232933,0.5621449758435525,0.5451807228915663,0.5451807228915663,0.5451807228915663,2.4586078000138514,False
8,GeoLife,1024,0.8496375502008032,0.5613233232576834,0.5150602409638554,0.5150602409638554,0.5150602409638554,2.1841739999945275,False
8,Grid-Network,42,0.9368644927536232,0.7910292269243421,0.7228260869565217,0.7228260869565217,0.7228260869565217,12.33108760000323,False
8,Grid-Network,123,0.8897615942028986,0.7088291943762461,0.6612318840579711,0.6612318840579711,0.6612318840579711,10.233574499987299,False
8,Grid-Network,456,0.9289778985507247,0.7724236024875901,0.7083333333333334,0.7083333333333334,0.7083333333333334,11.783341500005918,False
8,Grid-Network,789,0.9357003623188405,0.7327355242376994,0.6394927536231884,0.6394927536231884,0.6394927536231884,11.81040970000322,False
8,Grid-Network,1024,0.9127568840579711,0.726206518241937,0.6394927536231884,0.6394927536231884,0.6394927536231884,9.066428099991754,False
8,Grid-Network,2048,0.9145057971014494,0.7323713484212279,0.6739130434782609,0.6739130434782609,0.6739130434782609,9.922157599998172,False
8,Grid-Network,3072,0.9132489130434782,0.7485062913674992,0.657608695652174,0.657608695652174,0.657608695652174,5.84229860000778,False
8,Grid-Network,4096,0.9318532608695653,0.7702448217283352,0.7065217391304348,0.7065217391304348,0.7065217391304348,3.9330446000094526,False
8,Grid-Network,5120,0.934525724637681,0.7737364522038602,0.6757246376811594,0.6757246376811594,0.6757246376811594,4.425268999999389,False
8,Grid-Network,6144,0.9238003623188404,0.7660284607147675,0.657608695652174,0.657608695652174,0.657608695652174,3.1223364000034053,False
8,Porto-derived,42,0.9806250000000001,0.8949222214473586,0.8206521739130435,0.8206521739130435,0.8206521739130435,2.1913251999940258,False
8,Porto-derived,123,0.9744134057971013,0.8232825464684687,0.769927536231884,0.769927536231884,0.769927536231884,3.5483090999769047,False
8,Porto-derived,456,0.9668278985507246,0.841624091731146,0.7554347826086957,0.7554347826086957,0.7554347826086957,2.059453499998199,False
8,Porto-derived,789,0.960493115942029,0.7558707521518699,0.6648550724637681,0.6648550724637681,0.6648550724637681,4.630780599982245,False
8,Porto-derived,1024,0.9610134057971015,0.7786734539717864,0.6811594202898551,0.6811594202898551,0.6811594202898551,3.0826438999793027,False
8,Synthetic,42,0.8852336956521738,0.6426426448611028,0.6793478260869565,0.6793478260869565,0.6793478260869565,17.60918890000903,False
8,Synthetic,123,0.8954452898550725,0.6735810816406576,0.6648550724637681,0.6648550724637681,0.6648550724637681,14.65245149997645,False
8,Synthetic,456,0.8509445652173913,0.589840487688149,0.5760869565217391,0.5760869565217391,0.5760869565217391,17.606698500021594,False
8,Synthetic,789,0.8464902173913044,0.5905518963230805,0.572463768115942,0.572463768115942,0.572463768115942,13.423445799999172,False
8,Synthetic,1024,0.8362514492753623,0.5473638706759589,0.5452898550724637,0.5452898550724637,0.5452898550724637,7.586791600013385,False
8,Synthetic,2048,0.9124221014492754,0.75018918228266,0.7210144927536232,0.7210144927536232,0.7210144927536232,19.441899299999932,False
8,Synthetic,3072,0.852172463768116,0.5367159968814124,0.5362318840579711,0.5362318840579711,0.5362318840579711,12.312676900008228,False
8,Synthetic,4096,0.857349275362319,0.5578538149546944,0.5434782608695652,0.5434782608695652,0.5434782608695652,11.767515200015623,False
8,Synthetic,5120,0.9125731884057973,0.7954601325311839,0.7626811594202898,0.7626811594202898,0.7626811594202898,9.915503299998818,False
8,Synthetic,6144,0.8691666666666666,0.5735876108042144,0.572463768115942,0.572463768115942,0.572463768115942,14.216828300006455,False
16,GeoLife,42,0.8096917670682733,0.4734291718996281,0.4578313253012048,0.4578313253012048,0.4578313253012048,0.9766899999813177,False
16,GeoLife,123,0.8364196787148594,0.5650650979187541,0.5451807228915663,0.5451807228915663,0.5451807228915663,1.4712391000066418,False
16,GeoLife,456,0.7894969879518072,0.38831381034046025,0.3704819277108434,0.3704819277108434,0.3704819277108434,0.7662454999808688,False
16,GeoLife,789,0.8294196787148594,0.5599982107055049,0.5301204819277109,0.5301204819277109,0.5301204819277109,1.3777107000059914,False
16,GeoLife,1024,0.8490722891566265,0.5706993935214961,0.5240963855421686,0.5240963855421686,0.5240963855421686,1.228798199997982,False
16,Grid-Network,42,0.9365626811594203,0.7919732320942284,0.7355072463768116,0.7355072463768116,0.7355072463768116,2.8570535000180826,False
16,Grid-Network,123,0.8907985507246378,0.70524284678074,0.6467391304347826,0.6467391304347826,0.6467391304347826,3.0774382000090554,False
16,Grid-Network,456,0.9298010869565217,0.7724634486347278,0.7119565217391305,0.7119565217391305,0.7119565217391305,2.8095319000130985,False
16,Grid-Network,789,0.9382097826086956,0.729511748157703,0.6467391304347826,0.6467391304347826,0.6467391304347826,2.8804915999935474,False
16,Grid-Network,1024,0.9145539855072466,0.7196730943791357,0.6286231884057971,0.6286231884057971,0.6286231884057971,2.755541099992115,False
16,Grid-Network,2048,0.9136597826086956,0.7370813008930699,0.6811594202898551,0.6811594202898551,0.6811594202898551,2.515747099998407,False
16,Grid-Network,3072,0.9104260869565217,0.7433627443269876,0.6485507246376812,0.6485507246376812,0.6485507246376812,2.414020199998049,False
16,Grid-Network,4096,0.9305920289855072,0.7644978818235786,0.6902173913043478,0.6902173913043478,0.6902173913043478,2.7486131000041496,False
16,Grid-Network,5120,0.9280807971014492,0.764192663765993,0.6757246376811594,0.6757246376811594,0.6757246376811594,2.960458700021263,False
16,Grid-Network,6144,0.9248101449275361,0.7616940038264295,0.6521739130434783,0.6521739130434783,0.6521739130434783,2.3061287000018638,False
16,Porto-derived,42,0.9754811594202898,0.8780904726841601,0.8043478260869565,0.8043478260869565,0.8043478260869565,1.609571099979803,False
16,Porto-derived,123,0.9717543478260869,0.7981068358709872,0.7572463768115942,0.7572463768115942,0.7572463768115942,2.4880750000011176,False
16,Porto-derived,456,0.9659402173913043,0.8385074985239162,0.7644927536231884,0.7644927536231884,0.7644927536231884,1.7836852999753319,False
16,Porto-derived,789,0.9645369565217392,0.7866467581413659,0.7028985507246377,0.7028985507246377,0.7028985507246377,2.9137937999912538,False
16,Porto-derived,1024,0.959644927536232,0.7631611908396622,0.6721014492753623,0.6721014492753623,0.6721014492753623,2.5220762999961153,False
16,Synthetic,42,0.8871684782608695,0.6591283578113605,0.6884057971014492,0.6884057971014492,0.6884057971014492,5.6467124999908265,False
16,Synthetic,123,0.889586231884058,0.6420903063370496,0.6340579710144928,0.6340579710144928,0.6340579710144928,7.703480900003342,False
16,Synthetic,456,0.8451583333333335,0.5614921831123997,0.5543478260869565,0.5543478260869565,0.5543478260869565,5.525459299999056,False
16,Synthetic,789,0.8476902173913045,0.5805708148011315,0.5670289855072463,0.5670289855072463,0.5670289855072463,3.5959907000069506,False
16,Synthetic,1024,0.8354547101449276,0.53634215951931,0.5362318840579711,0.5362318840579711,0.5362318840579711,3.5389115999860223,False
16,Synthetic,2048,0.9071282608695653,0.7185136712828846,0.7028985507246377,0.7028985507246377,0.7028985507246377,5.869539000006625,False
16,Synthetic,3072,0.8567971014492755,0.5666192289001422,0.5579710144927537,0.5579710144927537,0.5579710144927537,3.737109600013355,False
16,Synthetic,4096,0.8599528985507247,0.5783869605057591,0.5543478260869565,0.5543478260869565,0.5543478260869565,2.6810681000060868,False
16,Synthetic,5120,0.9134634057971015,0.791632433417299,0.7554347826086957,0.7554347826086957,0.7554347826086957,3.4029820999712683,False
16,Synthetic,6144,0.8679659420289856,0.5632627678750692,0.5471014492753623,0.5471014492753623,0.5471014492753623,3.9871572999982163,False
32,GeoLife,42,0.8078433734939758,0.48148970848748757,0.48493975903614456,0.48493975903614456,0.48493975903614456,0.8373266000126023,False
32,GeoLife,123,0.8304879518072289,0.5715400884590626,0.5421686746987951,0.5421686746987951,0.5421686746987951,1.1800709000090137,False
32,GeoLife,456,0.7931335341365462,0.39950515655696767,0.3825301204819277,0.3825301204819277,0.3825301204819277,0.6531688999966718,False
32,GeoLife,789,0.8348995983935743,0.5664775026618479,0.5512048192771084,0.5512048192771084,0.5512048192771084,1.1793364000041038,False
32,GeoLife,1024,0.8402369477911648,0.5253236145056597,0.48493975903614456,0.48493975903614456,0.48493975903614456,0.9223877000040375,False
32,Grid-Network,42,0.937286956521739,0.7894386339440241,0.7355072463768116,0.7355072463768116,0.7355072463768116,2.382382800016785,False
32,Grid-Network,123,0.8882858695652174,0.6932748710487209,0.6394927536231884,0.6394927536231884,0.6394927536231884,2.8074494000175036,False
32,Grid-Network,456,0.9348550724637681,0.7844273900312868,0.7282608695652174,0.7282608695652174,0.7282608695652174,2.550096699997084,False
32,Grid-Network,789,0.9336257246376811,0.7205241646814148,0.6340579710144928,0.6340579710144928,0.6340579710144928,2.73601019999478,False
32,Grid-Network,1024,0.9104557971014491,0.707479232169074,0.6322463768115942,0.6322463768115942,0.6322463768115942,2.9157467000186443,False
32,Grid-Network,2048,0.9068358695652174,0.7210183532030371,0.6630434782608695,0.6630434782608695,0.6630434782608695,2.5901493999990635,False
32,Grid-Network,3072,0.9098278985507245,0.7425671345920775,0.6485507246376812,0.6485507246376812,0.6485507246376812,2.7423708999995142,False
32,Grid-Network,4096,0.9294724637681159,0.7607923338828733,0.6902173913043478,0.6902173913043478,0.6902173913043478,2.923933500016574,False
32,Grid-Network,5120,0.9248239130434782,0.7525044732573338,0.6684782608695652,0.6684782608695652,0.6684782608695652,3.0303710000007413,False
32,Grid-Network,6144,0.9165224637681161,0.7406155727598018,0.6340579710144928,0.6340579710144928,0.6340579710144928,2.3111123999988195,False
32,Porto-derived,42,0.9738271739130434,0.8662218299337417,0.7916666666666666,0.7916666666666666,0.7916666666666666,1.5076236000168137,False
32,Porto-derived,123,0.9692666666666666,0.7769208281367221,0.7463768115942029,0.7463768115942029,0.7463768115942029,2.583354700007476,False
32,Porto-derived,456,0.9666536231884058,0.8401590176316125,0.7572463768115942,0.7572463768115942,0.7572463768115942,1.4534754999913275,False
32,Porto-derived,789,0.9577123188405796,0.7410691906598507,0.6630434782608695,0.6630434782608695,0.6630434782608695,2.589906000008341,False
32,Porto-derived,1024,0.9589884057971014,0.7571887845516897,0.6757246376811594,0.6757246376811594,0.6757246376811594,2.012040800007526,False
32,Synthetic,42,0.8919547101449276,0.7141409231836517,0.7210144927536232,0.7210144927536232,0.7210144927536232,3.7755781000014395,False
32,Synthetic,123,0.8658807971014493,0.6051739338629356,0.5942028985507246,0.5942028985507246,0.5942028985507246,3.739939199993387,False
32,Synthetic,456,0.8461655797101448,0.5723256049374346,0.5742753623188406,0.5742753623188406,0.5742753623188406,3.3352631000161637,False
32,Synthetic,789,0.8411601449275362,0.5734496417762347,0.5597826086956522,0.5597826086956522,0.5597826086956522,1.765579400002025,False
32,Synthetic,1024,0.8429963768115941,0.5545147826802396,0.5452898550724637,0.5452898550724637,0.5452898550724637,1.851058500004001,False
32,Synthetic,2048,0.9150442028985506,0.7539572165816164,0.7264492753623188,0.7264492753623188,0.7264492753623188,3.5877824000199325,False
32,Synthetic,3072,0.8508568840579709,0.5633112467526242,0.5452898550724637,0.5452898550724637,0.5452898550724637,1.9373650000197813,False
32,Synthetic,4096,0.8650050724637681,0.5950933201794656,0.5615942028985508,0.5615942028985508,0.5615942028985508,1.9630417000153102,False
32,Synthetic,5120,0.9086826086956522,0.7644567572988105,0.7427536231884058,0.7427536231884058,0.7427536231884058,3.1003750000090804,False
32,Synthetic,6144,0.8673210144927538,0.5772063680993686,0.5652173913043478,0.5652173913043478,0.5652173913043478,3.737431599991396,False
